SNP,gene,chr,pos,effect_allele,other_allele,beta,se,pval
rs689,INS,11,2182224,T,A,-0.45,0.08,1e-12
rs689,INS,11,2182224,T,A,-0.45,0.08,1e-12
rs689,INS,11,2182224,T,A,-0.45,0.08,1e-12
rs689,INS,11,2182224,T,A,-0.45,0.08,1e-12
rs689,INS,11,2182224,T,A,-0.45,0.08,1e-12
rs689,INS,11,2182224,T,A,-0.45,0.08,1e-12
rs689,INS,11,2182224,T,A,-0.45,0.08,1e-12
rs689,INS,11,2182224,T,A,-0.45,0.08,1e-12
rs689,INS,11,2182224,T,A,-0.45,0.08,1e-12
rs689,INS,11,2182224,T,A,-0.45,0.08,1e-12
rs689,INS,11,2182224,T,A,-0.45,0.08,1e-12
rs689,INS,11,2182224,T,A,-0.45,0.08,1e-12
rs689,INS,11,2182224,T,A,-0.45,0.08,1e-12
rs3842753,INS,11,2182440,C,A,0.32,0.06,1e-08
rs3842753,INS,11,2182440,C,A,0.32,0.06,1e-08
rs3842753,INS,11,2182440,C,A,0.32,0.06,1e-08
rs3842753,INS,11,2182440,C,A,0.32,0.06,1e-08
rs3842753,INS,11,2182440,C,A,0.32,0.06,1e-08
rs3842753,INS,11,2182440,C,A,0.32,0.06,1e-08
rs11619319,PDX1,13,28494168,G,A,-0.28,0.05,1e-09
rs11619319,PDX1,13,28494168,G,A,-0.28,0.05,1e-09
rs11619319,PDX1,13,28494168,G,A,-0.28,0.05,1e-09
rs11619319,PDX1,13,28494168,G,A,-0.28,0.05,1e-09
rs11619319,PDX1,13,28494168,G,A,-0.28,0.05,1e-09
rs11619319,PDX1,13,28494168,G,A,-0.28,0.05,1e-09
rs11619319,PDX1,13,28494168,G,A,-0.28,0.05,1e-09
rs11619319,PDX1,13,28494168,G,A,-0.28,0.05,1e-09
rs11619319,PDX1,13,28494168,G,A,-0.28,0.05,1e-09
rs11619319,PDX1,13,28494168,G,A,-0.28,0.05,1e-09
rs62621812,MAFA,8,144513046,C,T,0.35,0.07,1e-07
rs62621812,MAFA,8,144513046,C,T,0.35,0.07,1e-07
rs62621812,MAFA,8,144513046,C,T,0.35,0.07,1e-07
rs62621812,MAFA,8,144513046,C,T,0.35,0.07,1e-07
rs62621812,MAFA,8,144513046,C,T,0.35,0.07,1e-07
rs62621812,MAFA,8,144513046,C,T,0.35,0.07,1e-07
rs62621812,MAFA,8,144513046,C,T,0.35,0.07,1e-07
rs62621812,MAFA,8,144513046,C,T,0.35,0.07,1e-07
rs62621812,MAFA,8,144513046,C,T,0.35,0.07,1e-07
rs62621812,MAFA,8,144513046,C,T,0.35,0.07,1e-07
rs62621812,MAFA,8,144513046,C,T,0.35,0.07,1e-07
rs62621812,MAFA,8,144513046,C,T,0.35,0.07,1e-07
rs62621812,MAFA,8,144513046,C,T,0.35,0.07,1e-07
rs62621812,MAFA,8,144513046,C,T,0.35,0.07,1e-07
rs62621812,MAFA,8,144513046,C,T,0.35,0.07,1e-07
rs62621812,MAFA,8,144513046,C,T,0.35,0.07,1e-07
rs62621812,MAFA,8,144513046,C,T,0.35,0.07,1e-07
rs62621812,MAFA,8,144513046,C,T,0.35,0.07,1e-07
rs62621812,MAFA,8,144513046,C,T,0.35,0.07,1e-07
rs62621812,MAFA,8,144513046,C,T,0.35,0.07,1e-07
rs62621812,MAFA,8,144513046,C,T,0.35,0.07,1e-07
rs62621812,MAFA,8,144513046,C,T,0.35,0.07,1e-07
rs62621812,MAFA,8,144513046,C,T,0.35,0.07,1e-07
rs62621812,MAFA,8,144513046,C,T,0.35,0.07,1e-07
rs62621812,MAFA,8,144513046,C,T,0.35,0.07,1e-07
rs62621812,MAFA,8,144513046,C,T,0.35,0.07,1e-07
rs62621812,MAFA,8,144513046,C,T,0.35,0.07,1e-07
rs62621812,MAFA,8,144513046,C,T,0.35,0.07,1e-07
rs62621812,MAFA,8,144513046,C,T,0.35,0.07,1e-07
rs62621812,MAFA,8,144513046,C,T,0.35,0.07,1e-07
rs62621812,MAFA,8,144513046,C,T,0.35,0.07,1e-07
rs62621812,MAFA,8,144513046,C,T,0.35,0.07,1e-07
rs62621812,MAFA,8,144513046,C,T,0.35,0.07,1e-07
rs62621812,MAFA,8,144513046,C,T,0.35,0.07,1e-07
rs62621812,MAFA,8,144513046,C,T,0.35,0.07,1e-07
rs62621812,MAFA,8,144513046,C,T,0.35,0.07,1e-07
rs62621812,MAFA,8,144513046,C,T,0.35,0.07,1e-07
rs62621812,MAFA,8,144513046,C,T,0.35,0.07,1e-07
rs62621812,MAFA,8,144513046,C,T,0.35,0.07,1e-07
rs62621812,MAFA,8,144513046,C,T,0.35,0.07,1e-07
rs62621812,MAFA,8,144513046,C,T,0.35,0.07,1e-07
rs62621812,MAFA,8,144513046,C,T,0.35,0.07,1e-07
rs62621812,MAFA,8,144513046,C,T,0.35,0.07,1e-07
rs62621812,MAFA,8,144513046,C,T,0.35,0.07,1e-07
rs62621812,MAFA,8,144513046,C,T,0.35,0.07,1e-07
rs62621812,MAFA,8,144513046,C,T,0.35,0.07,1e-07
rs62621812,MAFA,8,144513046,C,T,0.35,0.07,1e-07
rs62621812,MAFA,8,144513046,C,T,0.35,0.07,1e-07
rs62621812,MAFA,8,144513046,C,T,0.35,0.07,1e-07
rs62621812,MAFA,8,144513046,C,T,0.35,0.07,1e-07
rs62621812,MAFA,8,144513046,C,T,0.35,0.07,1e-07
rs62621812,MAFA,8,144513046,C,T,0.35,0.07,1e-07
rs62621812,MAFA,8,144513046,C,T,0.35,0.07,1e-07
rs62621812,MAFA,8,144513046,C,T,0.35,0.07,1e-07
rs62621812,MAFA,8,144513046,C,T,0.35,0.07,1e-07
rs62621812,MAFA,8,144513046,C,T,0.35,0.07,1e-07
rs62621812,MAFA,8,144513046,C,T,0.35,0.07,1e-07
rs62621812,MAFA,8,144513046,C,T,0.35,0.07,1e-07
rs62621812,MAFA,8,144513046,C,T,0.35,0.07,1e-07
rs1799884,GCK,7,44184184,G,A,0.22,0.04,1e-10
rs1799884,GCK,7,44184184,G,A,0.22,0.04,1e-10
rs1799884,GCK,7,44184184,G,A,0.22,0.04,1e-10
rs1799884,GCK,7,44184184,G,A,0.22,0.04,1e-10
rs1799884,GCK,7,44184184,G,A,0.22,0.04,1e-10
rs1799884,GCK,7,44184184,G,A,0.22,0.04,1e-10
rs1799884,GCK,7,44184184,G,A,0.22,0.04,1e-10
rs1799884,GCK,7,44184184,G,A,0.22,0.04,1e-10
rs1799884,GCK,7,44184184,G,A,0.22,0.04,1e-10
rs1799884,GCK,7,44184184,G,A,0.22,0.04,1e-10
rs1799884,GCK,7,44184184,G,A,0.22,0.04,1e-10
rs1799884,GCK,7,44184184,G,A,0.22,0.04,1e-10
rs1799884,GCK,7,44184184,G,A,0.22,0.04,1e-10
rs1799884,GCK,7,44184184,G,A,0.22,0.04,1e-10
rs1799884,GCK,7,44184184,G,A,0.22,0.04,1e-10
rs1799884,GCK,7,44184184,G,A,0.22,0.04,1e-10
rs1799884,GCK,7,44184184,G,A,0.22,0.04,1e-10
rs1799884,GCK,7,44184184,G,A,0.22,0.04,1e-10
rs1799884,GCK,7,44184184,G,A,0.22,0.04,1e-10
rs1799884,GCK,7,44184184,G,A,0.22,0.04,1e-10
rs1799884,GCK,7,44184184,G,A,0.22,0.04,1e-10
rs1799884,GCK,7,44184184,G,A,0.22,0.04,1e-10
rs1799884,GCK,7,44184184,G,A,0.22,0.04,1e-10
rs1799884,GCK,7,44184184,G,A,0.22,0.04,1e-10
rs1799884,GCK,7,44184184,G,A,0.22,0.04,1e-10
rs1799884,GCK,7,44184184,G,A,0.22,0.04,1e-10
rs1799884,GCK,7,44184184,G,A,0.22,0.04,1e-10
rs1799884,GCK,7,44184184,G,A,0.22,0.04,1e-10
rs1799884,GCK,7,44184184,G,A,0.22,0.04,1e-10
rs1799884,GCK,7,44184184,G,A,0.22,0.04,1e-10
rs1799884,GCK,7,44184184,G,A,0.22,0.04,1e-10
rs1799884,GCK,7,44184184,G,A,0.22,0.04,1e-10
rs1799884,GCK,7,44184184,G,A,0.22,0.04,1e-10
rs1799884,GCK,7,44184184,G,A,0.22,0.04,1e-10
rs1799884,GCK,7,44184184,G,A,0.22,0.04,1e-10
rs1799884,GCK,7,44184184,G,A,0.22,0.04,1e-10
rs1799884,GCK,7,44184184,G,A,0.22,0.04,1e-10
rs11920090,SLC2A2,3,170717652,A,T,-0.18,0.03,1e-08
rs11920090,SLC2A2,3,170717652,A,T,-0.18,0.03,1e-08
rs11920090,SLC2A2,3,170717652,A,T,-0.18,0.03,1e-08
rs11920090,SLC2A2,3,170717652,A,T,-0.18,0.03,1e-08
rs11920090,SLC2A2,3,170717652,A,T,-0.18,0.03,1e-08
rs11920090,SLC2A2,3,170717652,A,T,-0.18,0.03,1e-08
rs11920090,SLC2A2,3,170717652,A,T,-0.18,0.03,1e-08
rs11920090,SLC2A2,3,170717652,A,T,-0.18,0.03,1e-08
rs11920090,SLC2A2,3,170717652,A,T,-0.18,0.03,1e-08
rs391957,HSPA5,9,127997251,C,T,0.25,0.05,1e-07
rs391957,HSPA5,9,127997251,C,T,0.25,0.05,1e-07
rs2097461,XBP1,22,29194546,G,A,-0.3,0.06,1e-08
rs2340721,ATF6,1,161837563,A,G,0.2,0.04,1e-06
rs697221,DDIT3,12,57910371,T,C,0.28,0.05,1e-09
rs7076872,ALDH1A3,15,101426623,G,A,0.35,0.06,1e-10
rs12601701,SOX9,17,70117175,T,C,-0.22,0.04,1e-07
rs7903146,TCF7L2,10,114758349,C,T,0.42,0.05,1e-15
rs7903146,TCF7L2,10,114758349,C,T,0.42,0.05,1e-15
rs7903146,TCF7L2,10,114758349,C,T,0.42,0.05,1e-15
rs7903146,TCF7L2,10,114758349,C,T,0.42,0.05,1e-15
rs7903146,TCF7L2,10,114758349,C,T,0.42,0.05,1e-15
rs7903146,TCF7L2,10,114758349,C,T,0.42,0.05,1e-15
rs7903146,TCF7L2,10,114758349,C,T,0.42,0.05,1e-15
rs7903146,TCF7L2,10,114758349,C,T,0.42,0.05,1e-15
rs7903146,TCF7L2,10,114758349,C,T,0.42,0.05,1e-15
rs7903146,TCF7L2,10,114758349,C,T,0.42,0.05,1e-15
rs7903146,TCF7L2,10,114758349,C,T,0.42,0.05,1e-15
rs7903146,TCF7L2,10,114758349,C,T,0.42,0.05,1e-15
rs7903146,TCF7L2,10,114758349,C,T,0.42,0.05,1e-15
rs7903146,TCF7L2,10,114758349,C,T,0.42,0.05,1e-15
rs7903146,TCF7L2,10,114758349,C,T,0.42,0.05,1e-15
rs7903146,TCF7L2,10,114758349,C,T,0.42,0.05,1e-15
rs7903146,TCF7L2,10,114758349,C,T,0.42,0.05,1e-15
rs7903146,TCF7L2,10,114758349,C,T,0.42,0.05,1e-15
rs7903146,TCF7L2,10,114758349,C,T,0.42,0.05,1e-15
rs7903146,TCF7L2,10,114758349,C,T,0.42,0.05,1e-15
rs7903146,TCF7L2,10,114758349,C,T,0.42,0.05,1e-15
rs7903146,TCF7L2,10,114758349,C,T,0.42,0.05,1e-15
rs7903146,TCF7L2,10,114758349,C,T,0.42,0.05,1e-15
rs7903146,TCF7L2,10,114758349,C,T,0.42,0.05,1e-15
rs7903146,TCF7L2,10,114758349,C,T,0.42,0.05,1e-15
rs7903146,TCF7L2,10,114758349,C,T,0.42,0.05,1e-15
rs7903146,TCF7L2,10,114758349,C,T,0.42,0.05,1e-15
rs7903146,TCF7L2,10,114758349,C,T,0.42,0.05,1e-15
rs7903146,TCF7L2,10,114758349,C,T,0.42,0.05,1e-15
rs7903146,TCF7L2,10,114758349,C,T,0.42,0.05,1e-15
rs7903146,TCF7L2,10,114758349,C,T,0.42,0.05,1e-15
rs7903146,TCF7L2,10,114758349,C,T,0.42,0.05,1e-15
rs7903146,TCF7L2,10,114758349,C,T,0.42,0.05,1e-15
rs7903146,TCF7L2,10,114758349,C,T,0.42,0.05,1e-15
rs7903146,TCF7L2,10,114758349,C,T,0.42,0.05,1e-15
rs7903146,TCF7L2,10,114758349,C,T,0.42,0.05,1e-15
rs7903146,TCF7L2,10,114758349,C,T,0.42,0.05,1e-15
rs7903146,TCF7L2,10,114758349,C,T,0.42,0.05,1e-15
rs7903146,TCF7L2,10,114758349,C,T,0.42,0.05,1e-15
rs7903146,TCF7L2,10,114758349,C,T,0.42,0.05,1e-15
rs7903146,TCF7L2,10,114758349,C,T,0.42,0.05,1e-15
rs7903146,TCF7L2,10,114758349,C,T,0.42,0.05,1e-15
rs7903146,TCF7L2,10,114758349,C,T,0.42,0.05,1e-15
rs7903146,TCF7L2,10,114758349,C,T,0.42,0.05,1e-15
rs7903146,TCF7L2,10,114758349,C,T,0.42,0.05,1e-15
rs7903146,TCF7L2,10,114758349,C,T,0.42,0.05,1e-15
rs7903146,TCF7L2,10,114758349,C,T,0.42,0.05,1e-15
rs7903146,TCF7L2,10,114758349,C,T,0.42,0.05,1e-15
rs7903146,TCF7L2,10,114758349,C,T,0.42,0.05,1e-15
rs7903146,TCF7L2,10,114758349,C,T,0.42,0.05,1e-15
rs7903146,TCF7L2,10,114758349,C,T,0.42,0.05,1e-15
rs7903146,TCF7L2,10,114758349,C,T,0.42,0.05,1e-15
rs7903146,TCF7L2,10,114758349,C,T,0.42,0.05,1e-15
rs7903146,TCF7L2,10,114758349,C,T,0.42,0.05,1e-15
rs7903146,TCF7L2,10,114758349,C,T,0.42,0.05,1e-15
rs7903146,TCF7L2,10,114758349,C,T,0.42,0.05,1e-15
rs7903146,TCF7L2,10,114758349,C,T,0.42,0.05,1e-15
rs7903146,TCF7L2,10,114758349,C,T,0.42,0.05,1e-15
rs7903146,TCF7L2,10,114758349,C,T,0.42,0.05,1e-15
rs7903146,TCF7L2,10,114758349,C,T,0.42,0.05,1e-15
rs7903146,TCF7L2,10,114758349,C,T,0.42,0.05,1e-15
rs7903146,TCF7L2,10,114758349,C,T,0.42,0.05,1e-15
rs7903146,TCF7L2,10,114758349,C,T,0.42,0.05,1e-15
rs7903146,TCF7L2,10,114758349,C,T,0.42,0.05,1e-15
rs7903146,TCF7L2,10,114758349,C,T,0.42,0.05,1e-15
rs7903146,TCF7L2,10,114758349,C,T,0.42,0.05,1e-15
rs7903146,TCF7L2,10,114758349,C,T,0.42,0.05,1e-15
rs7903146,TCF7L2,10,114758349,C,T,0.42,0.05,1e-15
rs7903146,TCF7L2,10,114758349,C,T,0.42,0.05,1e-15
rs7903146,TCF7L2,10,114758349,C,T,0.42,0.05,1e-15
rs7903146,TCF7L2,10,114758349,C,T,0.42,0.05,1e-15
rs7903146,TCF7L2,10,114758349,C,T,0.42,0.05,1e-15
rs7903146,TCF7L2,10,114758349,C,T,0.42,0.05,1e-15
rs7903146,TCF7L2,10,114758349,C,T,0.42,0.05,1e-15
rs7903146,TCF7L2,10,114758349,C,T,0.42,0.05,1e-15
rs7903146,TCF7L2,10,114758349,C,T,0.42,0.05,1e-15
rs7903146,TCF7L2,10,114758349,C,T,0.42,0.05,1e-15
rs7903146,TCF7L2,10,114758349,C,T,0.42,0.05,1e-15
rs7903146,TCF7L2,10,114758349,C,T,0.42,0.05,1e-15
rs7903146,TCF7L2,10,114758349,C,T,0.42,0.05,1e-15
rs7903146,TCF7L2,10,114758349,C,T,0.42,0.05,1e-15
rs7903146,TCF7L2,10,114758349,C,T,0.42,0.05,1e-15
rs7903146,TCF7L2,10,114758349,C,T,0.42,0.05,1e-15
rs7903146,TCF7L2,10,114758349,C,T,0.42,0.05,1e-15
rs7903146,TCF7L2,10,114758349,C,T,0.42,0.05,1e-15
rs7903146,TCF7L2,10,114758349,C,T,0.42,0.05,1e-15
rs7903146,TCF7L2,10,114758349,C,T,0.42,0.05,1e-15
rs7903146,TCF7L2,10,114758349,C,T,0.42,0.05,1e-15
rs7903146,TCF7L2,10,114758349,C,T,0.42,0.05,1e-15
rs7903146,TCF7L2,10,114758349,C,T,0.42,0.05,1e-15
rs7903146,TCF7L2,10,114758349,C,T,0.42,0.05,1e-15
rs7903146,TCF7L2,10,114758349,C,T,0.42,0.05,1e-15
rs7903146,TCF7L2,10,114758349,C,T,0.42,0.05,1e-15
rs7903146,TCF7L2,10,114758349,C,T,0.42,0.05,1e-15
rs7903146,TCF7L2,10,114758349,C,T,0.42,0.05,1e-15
rs7903146,TCF7L2,10,114758349,C,T,0.42,0.05,1e-15
rs7903146,TCF7L2,10,114758349,C,T,0.42,0.05,1e-15
rs7903146,TCF7L2,10,114758349,C,T,0.42,0.05,1e-15
rs7903146,TCF7L2,10,114758349,C,T,0.42,0.05,1e-15
rs7903146,TCF7L2,10,114758349,C,T,0.42,0.05,1e-15
rs7903146,TCF7L2,10,114758349,C,T,0.42,0.05,1e-15
rs7903146,TCF7L2,10,114758349,C,T,0.42,0.05,1e-15
rs7903146,TCF7L2,10,114758349,C,T,0.42,0.05,1e-15
rs7903146,TCF7L2,10,114758349,C,T,0.42,0.05,1e-15
rs7903146,TCF7L2,10,114758349,C,T,0.42,0.05,1e-15
rs7903146,TCF7L2,10,114758349,C,T,0.42,0.05,1e-15
rs7903146,TCF7L2,10,114758349,C,T,0.42,0.05,1e-15
rs7903146,TCF7L2,10,114758349,C,T,0.42,0.05,1e-15
rs7903146,TCF7L2,10,114758349,C,T,0.42,0.05,1e-15
rs7903146,TCF7L2,10,114758349,C,T,0.42,0.05,1e-15
rs7903146,TCF7L2,10,114758349,C,T,0.42,0.05,1e-15
rs7903146,TCF7L2,10,114758349,C,T,0.42,0.05,1e-15
rs7903146,TCF7L2,10,114758349,C,T,0.42,0.05,1e-15
rs7903146,TCF7L2,10,114758349,C,T,0.42,0.05,1e-15
rs7903146,TCF7L2,10,114758349,C,T,0.42,0.05,1e-15
rs7903146,TCF7L2,10,114758349,C,T,0.42,0.05,1e-15
rs7903146,TCF7L2,10,114758349,C,T,0.42,0.05,1e-15
rs7903146,TCF7L2,10,114758349,C,T,0.42,0.05,1e-15
rs7903146,TCF7L2,10,114758349,C,T,0.42,0.05,1e-15
rs7903146,TCF7L2,10,114758349,C,T,0.42,0.05,1e-15
rs7903146,TCF7L2,10,114758349,C,T,0.42,0.05,1e-15
rs7903146,TCF7L2,10,114758349,C,T,0.42,0.05,1e-15
rs7903146,TCF7L2,10,114758349,C,T,0.42,0.05,1e-15
rs7903146,TCF7L2,10,114758349,C,T,0.42,0.05,1e-15
rs7903146,TCF7L2,10,114758349,C,T,0.42,0.05,1e-15
rs7903146,TCF7L2,10,114758349,C,T,0.42,0.05,1e-15
rs7903146,TCF7L2,10,114758349,C,T,0.42,0.05,1e-15
rs7903146,TCF7L2,10,114758349,C,T,0.42,0.05,1e-15
rs7903146,TCF7L2,10,114758349,C,T,0.42,0.05,1e-15
rs7903146,TCF7L2,10,114758349,C,T,0.42,0.05,1e-15
rs7903146,TCF7L2,10,114758349,C,T,0.42,0.05,1e-15
rs7903146,TCF7L2,10,114758349,C,T,0.42,0.05,1e-15
rs7903146,TCF7L2,10,114758349,C,T,0.42,0.05,1e-15
rs7903146,TCF7L2,10,114758349,C,T,0.42,0.05,1e-15
rs7903146,TCF7L2,10,114758349,C,T,0.42,0.05,1e-15
rs7903146,TCF7L2,10,114758349,C,T,0.42,0.05,1e-15
rs7903146,TCF7L2,10,114758349,C,T,0.42,0.05,1e-15
rs7903146,TCF7L2,10,114758349,C,T,0.42,0.05,1e-15
rs7903146,TCF7L2,10,114758349,C,T,0.42,0.05,1e-15
rs7903146,TCF7L2,10,114758349,C,T,0.42,0.05,1e-15
rs7903146,TCF7L2,10,114758349,C,T,0.42,0.05,1e-15
rs7903146,TCF7L2,10,114758349,C,T,0.42,0.05,1e-15
rs7903146,TCF7L2,10,114758349,C,T,0.42,0.05,1e-15
rs7903146,TCF7L2,10,114758349,C,T,0.42,0.05,1e-15
rs7903146,TCF7L2,10,114758349,C,T,0.42,0.05,1e-15
rs7903146,TCF7L2,10,114758349,C,T,0.42,0.05,1e-15
rs7903146,TCF7L2,10,114758349,C,T,0.42,0.05,1e-15
rs7903146,TCF7L2,10,114758349,C,T,0.42,0.05,1e-15
rs7903146,TCF7L2,10,114758349,C,T,0.42,0.05,1e-15
rs7903146,TCF7L2,10,114758349,C,T,0.42,0.05,1e-15
rs7903146,TCF7L2,10,114758349,C,T,0.42,0.05,1e-15
rs7903146,TCF7L2,10,114758349,C,T,0.42,0.05,1e-15
rs7903146,TCF7L2,10,114758349,C,T,0.42,0.05,1e-15
rs7903146,TCF7L2,10,114758349,C,T,0.42,0.05,1e-15
rs7903146,TCF7L2,10,114758349,C,T,0.42,0.05,1e-15
rs7903146,TCF7L2,10,114758349,C,T,0.42,0.05,1e-15
rs7903146,TCF7L2,10,114758349,C,T,0.42,0.05,1e-15
rs7903146,TCF7L2,10,114758349,C,T,0.42,0.05,1e-15
rs7903146,TCF7L2,10,114758349,C,T,0.42,0.05,1e-15
rs7903146,TCF7L2,10,114758349,C,T,0.42,0.05,1e-15
rs7903146,TCF7L2,10,114758349,C,T,0.42,0.05,1e-15
rs7903146,TCF7L2,10,114758349,C,T,0.42,0.05,1e-15
rs7903146,TCF7L2,10,114758349,C,T,0.42,0.05,1e-15
rs7903146,TCF7L2,10,114758349,C,T,0.42,0.05,1e-15
rs7903146,TCF7L2,10,114758349,C,T,0.42,0.05,1e-15
rs7903146,TCF7L2,10,114758349,C,T,0.42,0.05,1e-15
rs7903146,TCF7L2,10,114758349,C,T,0.42,0.05,1e-15
rs7903146,TCF7L2,10,114758349,C,T,0.42,0.05,1e-15
rs7903146,TCF7L2,10,114758349,C,T,0.42,0.05,1e-15
rs7903146,TCF7L2,10,114758349,C,T,0.42,0.05,1e-15
rs7903146,TCF7L2,10,114758349,C,T,0.42,0.05,1e-15
rs7903146,TCF7L2,10,114758349,C,T,0.42,0.05,1e-15
rs7903146,TCF7L2,10,114758349,C,T,0.42,0.05,1e-15
rs7903146,TCF7L2,10,114758349,C,T,0.42,0.05,1e-15
rs7903146,TCF7L2,10,114758349,C,T,0.42,0.05,1e-15
rs7903146,TCF7L2,10,114758349,C,T,0.42,0.05,1e-15
rs7903146,TCF7L2,10,114758349,C,T,0.42,0.05,1e-15
rs7903146,TCF7L2,10,114758349,C,T,0.42,0.05,1e-15
rs7903146,TCF7L2,10,114758349,C,T,0.42,0.05,1e-15
rs7903146,TCF7L2,10,114758349,C,T,0.42,0.05,1e-15
rs7903146,TCF7L2,10,114758349,C,T,0.42,0.05,1e-15
rs7903146,TCF7L2,10,114758349,C,T,0.42,0.05,1e-15
rs7903146,TCF7L2,10,114758349,C,T,0.42,0.05,1e-15
rs7903146,TCF7L2,10,114758349,C,T,0.42,0.05,1e-15
rs7903146,TCF7L2,10,114758349,C,T,0.42,0.05,1e-15
rs7903146,TCF7L2,10,114758349,C,T,0.42,0.05,1e-15
rs7903146,TCF7L2,10,114758349,C,T,0.42,0.05,1e-15
rs7903146,TCF7L2,10,114758349,C,T,0.42,0.05,1e-15
rs7903146,TCF7L2,10,114758349,C,T,0.42,0.05,1e-15
rs7903146,TCF7L2,10,114758349,C,T,0.42,0.05,1e-15
rs7903146,TCF7L2,10,114758349,C,T,0.42,0.05,1e-15
rs7903146,TCF7L2,10,114758349,C,T,0.42,0.05,1e-15
rs7903146,TCF7L2,10,114758349,C,T,0.42,0.05,1e-15
rs7903146,TCF7L2,10,114758349,C,T,0.42,0.05,1e-15
rs7903146,TCF7L2,10,114758349,C,T,0.42,0.05,1e-15
rs7903146,TCF7L2,10,114758349,C,T,0.42,0.05,1e-15
rs7903146,TCF7L2,10,114758349,C,T,0.42,0.05,1e-15
rs7903146,TCF7L2,10,114758349,C,T,0.42,0.05,1e-15
rs7903146,TCF7L2,10,114758349,C,T,0.42,0.05,1e-15
rs7903146,TCF7L2,10,114758349,C,T,0.42,0.05,1e-15
rs7903146,TCF7L2,10,114758349,C,T,0.42,0.05,1e-15
rs7903146,TCF7L2,10,114758349,C,T,0.42,0.05,1e-15
rs7903146,TCF7L2,10,114758349,C,T,0.42,0.05,1e-15
rs7903146,TCF7L2,10,114758349,C,T,0.42,0.05,1e-15
rs7903146,TCF7L2,10,114758349,C,T,0.42,0.05,1e-15
rs7903146,TCF7L2,10,114758349,C,T,0.42,0.05,1e-15
rs7903146,TCF7L2,10,114758349,C,T,0.42,0.05,1e-15
rs7903146,TCF7L2,10,114758349,C,T,0.42,0.05,1e-15
rs7903146,TCF7L2,10,114758349,C,T,0.42,0.05,1e-15
rs7903146,TCF7L2,10,114758349,C,T,0.42,0.05,1e-15
rs7903146,TCF7L2,10,114758349,C,T,0.42,0.05,1e-15
rs7903146,TCF7L2,10,114758349,C,T,0.42,0.05,1e-15
rs7903146,TCF7L2,10,114758349,C,T,0.42,0.05,1e-15
rs7903146,TCF7L2,10,114758349,C,T,0.42,0.05,1e-15
rs7903146,TCF7L2,10,114758349,C,T,0.42,0.05,1e-15
rs7903146,TCF7L2,10,114758349,C,T,0.42,0.05,1e-15
rs7903146,TCF7L2,10,114758349,C,T,0.42,0.05,1e-15
rs7903146,TCF7L2,10,114758349,C,T,0.42,0.05,1e-15
rs7903146,TCF7L2,10,114758349,C,T,0.42,0.05,1e-15
rs7903146,TCF7L2,10,114758349,C,T,0.42,0.05,1e-15
rs7903146,TCF7L2,10,114758349,C,T,0.42,0.05,1e-15
rs7903146,TCF7L2,10,114758349,C,T,0.42,0.05,1e-15
rs7903146,TCF7L2,10,114758349,C,T,0.42,0.05,1e-15
rs7903146,TCF7L2,10,114758349,C,T,0.42,0.05,1e-15
rs7903146,TCF7L2,10,114758349,C,T,0.42,0.05,1e-15
rs7903146,TCF7L2,10,114758349,C,T,0.42,0.05,1e-15
rs7903146,TCF7L2,10,114758349,C,T,0.42,0.05,1e-15
rs7903146,TCF7L2,10,114758349,C,T,0.42,0.05,1e-15
rs7903146,TCF7L2,10,114758349,C,T,0.42,0.05,1e-15
rs7903146,TCF7L2,10,114758349,C,T,0.42,0.05,1e-15
rs7903146,TCF7L2,10,114758349,C,T,0.42,0.05,1e-15
rs7903146,TCF7L2,10,114758349,C,T,0.42,0.05,1e-15
rs7903146,TCF7L2,10,114758349,C,T,0.42,0.05,1e-15
rs7903146,TCF7L2,10,114758349,C,T,0.42,0.05,1e-15
rs7903146,TCF7L2,10,114758349,C,T,0.42,0.05,1e-15
rs7903146,TCF7L2,10,114758349,C,T,0.42,0.05,1e-15
rs7903146,TCF7L2,10,114758349,C,T,0.42,0.05,1e-15
rs7903146,TCF7L2,10,114758349,C,T,0.42,0.05,1e-15
rs7903146,TCF7L2,10,114758349,C,T,0.42,0.05,1e-15
rs7903146,TCF7L2,10,114758349,C,T,0.42,0.05,1e-15
rs7903146,TCF7L2,10,114758349,C,T,0.42,0.05,1e-15
rs7903146,TCF7L2,10,114758349,C,T,0.42,0.05,1e-15
rs7903146,TCF7L2,10,114758349,C,T,0.42,0.05,1e-15
rs7903146,TCF7L2,10,114758349,C,T,0.42,0.05,1e-15
rs7903146,TCF7L2,10,114758349,C,T,0.42,0.05,1e-15
rs7903146,TCF7L2,10,114758349,C,T,0.42,0.05,1e-15
rs7903146,TCF7L2,10,114758349,C,T,0.42,0.05,1e-15
rs7903146,TCF7L2,10,114758349,C,T,0.42,0.05,1e-15
rs7903146,TCF7L2,10,114758349,C,T,0.42,0.05,1e-15
rs7903146,TCF7L2,10,114758349,C,T,0.42,0.05,1e-15
rs7903146,TCF7L2,10,114758349,C,T,0.42,0.05,1e-15
rs7903146,TCF7L2,10,114758349,C,T,0.42,0.05,1e-15
rs7903146,TCF7L2,10,114758349,C,T,0.42,0.05,1e-15
rs7903146,TCF7L2,10,114758349,C,T,0.42,0.05,1e-15
rs7903146,TCF7L2,10,114758349,C,T,0.42,0.05,1e-15
rs7903146,TCF7L2,10,114758349,C,T,0.42,0.05,1e-15
rs7903146,TCF7L2,10,114758349,C,T,0.42,0.05,1e-15
rs7903146,TCF7L2,10,114758349,C,T,0.42,0.05,1e-15
rs7903146,TCF7L2,10,114758349,C,T,0.42,0.05,1e-15
rs7903146,TCF7L2,10,114758349,C,T,0.42,0.05,1e-15
rs7903146,TCF7L2,10,114758349,C,T,0.42,0.05,1e-15
rs7903146,TCF7L2,10,114758349,C,T,0.42,0.05,1e-15
rs7903146,TCF7L2,10,114758349,C,T,0.42,0.05,1e-15
rs7903146,TCF7L2,10,114758349,C,T,0.42,0.05,1e-15
rs7903146,TCF7L2,10,114758349,C,T,0.42,0.05,1e-15
rs7903146,TCF7L2,10,114758349,C,T,0.42,0.05,1e-15
rs7903146,TCF7L2,10,114758349,C,T,0.42,0.05,1e-15
rs7903146,TCF7L2,10,114758349,C,T,0.42,0.05,1e-15
rs7903146,TCF7L2,10,114758349,C,T,0.42,0.05,1e-15
rs7903146,TCF7L2,10,114758349,C,T,0.42,0.05,1e-15
rs7903146,TCF7L2,10,114758349,C,T,0.42,0.05,1e-15
rs7903146,TCF7L2,10,114758349,C,T,0.42,0.05,1e-15
rs7903146,TCF7L2,10,114758349,C,T,0.42,0.05,1e-15
rs7903146,TCF7L2,10,114758349,C,T,0.42,0.05,1e-15
rs7903146,TCF7L2,10,114758349,C,T,0.42,0.05,1e-15
rs7903146,TCF7L2,10,114758349,C,T,0.42,0.05,1e-15
rs7903146,TCF7L2,10,114758349,C,T,0.42,0.05,1e-15
rs7903146,TCF7L2,10,114758349,C,T,0.42,0.05,1e-15
rs7903146,TCF7L2,10,114758349,C,T,0.42,0.05,1e-15
rs7903146,TCF7L2,10,114758349,C,T,0.42,0.05,1e-15
rs7903146,TCF7L2,10,114758349,C,T,0.42,0.05,1e-15
rs7903146,TCF7L2,10,114758349,C,T,0.42,0.05,1e-15
rs7903146,TCF7L2,10,114758349,C,T,0.42,0.05,1e-15
rs7903146,TCF7L2,10,114758349,C,T,0.42,0.05,1e-15
rs7903146,TCF7L2,10,114758349,C,T,0.42,0.05,1e-15
rs7903146,TCF7L2,10,114758349,C,T,0.42,0.05,1e-15
rs7903146,TCF7L2,10,114758349,C,T,0.42,0.05,1e-15
rs7903146,TCF7L2,10,114758349,C,T,0.42,0.05,1e-15
rs7903146,TCF7L2,10,114758349,C,T,0.42,0.05,1e-15
rs7903146,TCF7L2,10,114758349,C,T,0.42,0.05,1e-15
rs7903146,TCF7L2,10,114758349,C,T,0.42,0.05,1e-15
rs7903146,TCF7L2,10,114758349,C,T,0.42,0.05,1e-15
rs7903146,TCF7L2,10,114758349,C,T,0.42,0.05,1e-15
rs7903146,TCF7L2,10,114758349,C,T,0.42,0.05,1e-15
rs7903146,TCF7L2,10,114758349,C,T,0.42,0.05,1e-15
rs7903146,TCF7L2,10,114758349,C,T,0.42,0.05,1e-15
rs7903146,TCF7L2,10,114758349,C,T,0.42,0.05,1e-15
rs7903146,TCF7L2,10,114758349,C,T,0.42,0.05,1e-15
rs7903146,TCF7L2,10,114758349,C,T,0.42,0.05,1e-15
rs7903146,TCF7L2,10,114758349,C,T,0.42,0.05,1e-15
rs7903146,TCF7L2,10,114758349,C,T,0.42,0.05,1e-15
rs7903146,TCF7L2,10,114758349,C,T,0.42,0.05,1e-15
rs7903146,TCF7L2,10,114758349,C,T,0.42,0.05,1e-15
rs7903146,TCF7L2,10,114758349,C,T,0.42,0.05,1e-15
rs7903146,TCF7L2,10,114758349,C,T,0.42,0.05,1e-15
rs7903146,TCF7L2,10,114758349,C,T,0.42,0.05,1e-15
rs7903146,TCF7L2,10,114758349,C,T,0.42,0.05,1e-15
rs7903146,TCF7L2,10,114758349,C,T,0.42,0.05,1e-15
rs7903146,TCF7L2,10,114758349,C,T,0.42,0.05,1e-15
rs7903146,TCF7L2,10,114758349,C,T,0.42,0.05,1e-15
rs7903146,TCF7L2,10,114758349,C,T,0.42,0.05,1e-15
rs7903146,TCF7L2,10,114758349,C,T,0.42,0.05,1e-15
rs7903146,TCF7L2,10,114758349,C,T,0.42,0.05,1e-15
rs7903146,TCF7L2,10,114758349,C,T,0.42,0.05,1e-15
rs7903146,TCF7L2,10,114758349,C,T,0.42,0.05,1e-15
rs7903146,TCF7L2,10,114758349,C,T,0.42,0.05,1e-15
rs7903146,TCF7L2,10,114758349,C,T,0.42,0.05,1e-15
rs7903146,TCF7L2,10,114758349,C,T,0.42,0.05,1e-15
rs7903146,TCF7L2,10,114758349,C,T,0.42,0.05,1e-15
rs7903146,TCF7L2,10,114758349,C,T,0.42,0.05,1e-15
rs7903146,TCF7L2,10,114758349,C,T,0.42,0.05,1e-15
rs7903146,TCF7L2,10,114758349,C,T,0.42,0.05,1e-15
rs7903146,TCF7L2,10,114758349,C,T,0.42,0.05,1e-15
rs7903146,TCF7L2,10,114758349,C,T,0.42,0.05,1e-15
rs7903146,TCF7L2,10,114758349,C,T,0.42,0.05,1e-15
rs7903146,TCF7L2,10,114758349,C,T,0.42,0.05,1e-15
rs7903146,TCF7L2,10,114758349,C,T,0.42,0.05,1e-15
rs7903146,TCF7L2,10,114758349,C,T,0.42,0.05,1e-15
rs7903146,TCF7L2,10,114758349,C,T,0.42,0.05,1e-15
rs7903146,TCF7L2,10,114758349,C,T,0.42,0.05,1e-15
rs7903146,TCF7L2,10,114758349,C,T,0.42,0.05,1e-15
rs7903146,TCF7L2,10,114758349,C,T,0.42,0.05,1e-15
rs7903146,TCF7L2,10,114758349,C,T,0.42,0.05,1e-15
rs7903146,TCF7L2,10,114758349,C,T,0.42,0.05,1e-15
rs7903146,TCF7L2,10,114758349,C,T,0.42,0.05,1e-15
rs7903146,TCF7L2,10,114758349,C,T,0.42,0.05,1e-15
rs7903146,TCF7L2,10,114758349,C,T,0.42,0.05,1e-15
rs7903146,TCF7L2,10,114758349,C,T,0.42,0.05,1e-15
rs7903146,TCF7L2,10,114758349,C,T,0.42,0.05,1e-15
rs7903146,TCF7L2,10,114758349,C,T,0.42,0.05,1e-15
rs7903146,TCF7L2,10,114758349,C,T,0.42,0.05,1e-15
rs7903146,TCF7L2,10,114758349,C,T,0.42,0.05,1e-15
rs7903146,TCF7L2,10,114758349,C,T,0.42,0.05,1e-15
rs7903146,TCF7L2,10,114758349,C,T,0.42,0.05,1e-15
rs5219,KCNJ11,11,17409572,C,T,0.15,0.03,1e-06
rs5219,KCNJ11,11,17409572,C,T,0.15,0.03,1e-06
rs5219,KCNJ11,11,17409572,C,T,0.15,0.03,1e-06
rs5219,KCNJ11,11,17409572,C,T,0.15,0.03,1e-06
rs5219,KCNJ11,11,17409572,C,T,0.15,0.03,1e-06
rs5219,KCNJ11,11,17409572,C,T,0.15,0.03,1e-06
rs5219,KCNJ11,11,17409572,C,T,0.15,0.03,1e-06
rs5219,KCNJ11,11,17409572,C,T,0.15,0.03,1e-06
rs5219,KCNJ11,11,17409572,C,T,0.15,0.03,1e-06
rs5219,KCNJ11,11,17409572,C,T,0.15,0.03,1e-06
rs5219,KCNJ11,11,17409572,C,T,0.15,0.03,1e-06
rs5219,KCNJ11,11,17409572,C,T,0.15,0.03,1e-06
rs5219,KCNJ11,11,17409572,C,T,0.15,0.03,1e-06
rs5219,KCNJ11,11,17409572,C,T,0.15,0.03,1e-06
rs5219,KCNJ11,11,17409572,C,T,0.15,0.03,1e-06
rs5219,KCNJ11,11,17409572,C,T,0.15,0.03,1e-06
rs5219,KCNJ11,11,17409572,C,T,0.15,0.03,1e-06
rs5219,KCNJ11,11,17409572,C,T,0.15,0.03,1e-06
rs5219,KCNJ11,11,17409572,C,T,0.15,0.03,1e-06
rs5219,KCNJ11,11,17409572,C,T,0.15,0.03,1e-06
rs1801282,PPARG,3,12393125,C,G,-0.25,0.05,1e-08
rs1801282,PPARG,3,12393125,C,G,-0.25,0.05,1e-08
rs1801282,PPARG,3,12393125,C,G,-0.25,0.05,1e-08
rs1801282,PPARG,3,12393125,C,G,-0.25,0.05,1e-08
rs1801282,PPARG,3,12393125,C,G,-0.25,0.05,1e-08
rs1801282,PPARG,3,12393125,C,G,-0.25,0.05,1e-08
rs1801282,PPARG,3,12393125,C,G,-0.25,0.05,1e-08
rs1801282,PPARG,3,12393125,C,G,-0.25,0.05,1e-08
rs1801282,PPARG,3,12393125,C,G,-0.25,0.05,1e-08
rs1801282,PPARG,3,12393125,C,G,-0.25,0.05,1e-08
rs1801282,PPARG,3,12393125,C,G,-0.25,0.05,1e-08
rs1801282,PPARG,3,12393125,C,G,-0.25,0.05,1e-08
rs1801282,PPARG,3,12393125,C,G,-0.25,0.05,1e-08
rs1801282,PPARG,3,12393125,C,G,-0.25,0.05,1e-08
rs1801282,PPARG,3,12393125,C,G,-0.25,0.05,1e-08
rs1801282,PPARG,3,12393125,C,G,-0.25,0.05,1e-08
rs1801282,PPARG,3,12393125,C,G,-0.25,0.05,1e-08
rs1801282,PPARG,3,12393125,C,G,-0.25,0.05,1e-08
rs1801282,PPARG,3,12393125,C,G,-0.25,0.05,1e-08
rs1801282,PPARG,3,12393125,C,G,-0.25,0.05,1e-08
rs1801282,PPARG,3,12393125,C,G,-0.25,0.05,1e-08
rs1801282,PPARG,3,12393125,C,G,-0.25,0.05,1e-08
rs1801282,PPARG,3,12393125,C,G,-0.25,0.05,1e-08
rs1801282,PPARG,3,12393125,C,G,-0.25,0.05,1e-08
rs1801282,PPARG,3,12393125,C,G,-0.25,0.05,1e-08
rs1801282,PPARG,3,12393125,C,G,-0.25,0.05,1e-08
rs1801282,PPARG,3,12393125,C,G,-0.25,0.05,1e-08
rs1801282,PPARG,3,12393125,C,G,-0.25,0.05,1e-08
rs1801282,PPARG,3,12393125,C,G,-0.25,0.05,1e-08
rs1801282,PPARG,3,12393125,C,G,-0.25,0.05,1e-08
rs1801282,PPARG,3,12393125,C,G,-0.25,0.05,1e-08
rs1801282,PPARG,3,12393125,C,G,-0.25,0.05,1e-08
rs1801282,PPARG,3,12393125,C,G,-0.25,0.05,1e-08
rs1801282,PPARG,3,12393125,C,G,-0.25,0.05,1e-08
rs1801282,PPARG,3,12393125,C,G,-0.25,0.05,1e-08
rs1801282,PPARG,3,12393125,C,G,-0.25,0.05,1e-08
rs1801282,PPARG,3,12393125,C,G,-0.25,0.05,1e-08
rs1801282,PPARG,3,12393125,C,G,-0.25,0.05,1e-08
rs1801282,PPARG,3,12393125,C,G,-0.25,0.05,1e-08
rs1801282,PPARG,3,12393125,C,G,-0.25,0.05,1e-08
rs1801282,PPARG,3,12393125,C,G,-0.25,0.05,1e-08
rs1801282,PPARG,3,12393125,C,G,-0.25,0.05,1e-08
rs1801282,PPARG,3,12393125,C,G,-0.25,0.05,1e-08
rs1801282,PPARG,3,12393125,C,G,-0.25,0.05,1e-08
rs1801282,PPARG,3,12393125,C,G,-0.25,0.05,1e-08
rs1801282,PPARG,3,12393125,C,G,-0.25,0.05,1e-08
rs1801282,PPARG,3,12393125,C,G,-0.25,0.05,1e-08
rs1801282,PPARG,3,12393125,C,G,-0.25,0.05,1e-08
rs1801282,PPARG,3,12393125,C,G,-0.25,0.05,1e-08
rs1801282,PPARG,3,12393125,C,G,-0.25,0.05,1e-08
rs1801282,PPARG,3,12393125,C,G,-0.25,0.05,1e-08
rs1801282,PPARG,3,12393125,C,G,-0.25,0.05,1e-08
rs1801282,PPARG,3,12393125,C,G,-0.25,0.05,1e-08
rs1801282,PPARG,3,12393125,C,G,-0.25,0.05,1e-08
rs1801282,PPARG,3,12393125,C,G,-0.25,0.05,1e-08
rs1801282,PPARG,3,12393125,C,G,-0.25,0.05,1e-08
rs1801282,PPARG,3,12393125,C,G,-0.25,0.05,1e-08
rs1801282,PPARG,3,12393125,C,G,-0.25,0.05,1e-08
rs1801282,PPARG,3,12393125,C,G,-0.25,0.05,1e-08
rs1801282,PPARG,3,12393125,C,G,-0.25,0.05,1e-08
rs1801282,PPARG,3,12393125,C,G,-0.25,0.05,1e-08
rs1801282,PPARG,3,12393125,C,G,-0.25,0.05,1e-08
rs1801282,PPARG,3,12393125,C,G,-0.25,0.05,1e-08
rs1801282,PPARG,3,12393125,C,G,-0.25,0.05,1e-08
rs1801282,PPARG,3,12393125,C,G,-0.25,0.05,1e-08
rs13266634,SLC30A8,8,118184783,C,T,-0.3,0.04,1e-14
rs13266634,SLC30A8,8,118184783,C,T,-0.3,0.04,1e-14
rs13266634,SLC30A8,8,118184783,C,T,-0.3,0.04,1e-14
rs13266634,SLC30A8,8,118184783,C,T,-0.3,0.04,1e-14
rs13266634,SLC30A8,8,118184783,C,T,-0.3,0.04,1e-14
rs13266634,SLC30A8,8,118184783,C,T,-0.3,0.04,1e-14
rs13266634,SLC30A8,8,118184783,C,T,-0.3,0.04,1e-14
rs13266634,SLC30A8,8,118184783,C,T,-0.3,0.04,1e-14
rs13266634,SLC30A8,8,118184783,C,T,-0.3,0.04,1e-14
rs13266634,SLC30A8,8,118184783,C,T,-0.3,0.04,1e-14
rs13266634,SLC30A8,8,118184783,C,T,-0.3,0.04,1e-14
rs13266634,SLC30A8,8,118184783,C,T,-0.3,0.04,1e-14
rs13266634,SLC30A8,8,118184783,C,T,-0.3,0.04,1e-14
rs13266634,SLC30A8,8,118184783,C,T,-0.3,0.04,1e-14
rs13266634,SLC30A8,8,118184783,C,T,-0.3,0.04,1e-14
rs13266634,SLC30A8,8,118184783,C,T,-0.3,0.04,1e-14
rs13266634,SLC30A8,8,118184783,C,T,-0.3,0.04,1e-14
rs13266634,SLC30A8,8,118184783,C,T,-0.3,0.04,1e-14
rs13266634,SLC30A8,8,118184783,C,T,-0.3,0.04,1e-14
rs13266634,SLC30A8,8,118184783,C,T,-0.3,0.04,1e-14
rs13266634,SLC30A8,8,118184783,C,T,-0.3,0.04,1e-14
rs13266634,SLC30A8,8,118184783,C,T,-0.3,0.04,1e-14
rs13266634,SLC30A8,8,118184783,C,T,-0.3,0.04,1e-14
rs13266634,SLC30A8,8,118184783,C,T,-0.3,0.04,1e-14
rs13266634,SLC30A8,8,118184783,C,T,-0.3,0.04,1e-14
rs13266634,SLC30A8,8,118184783,C,T,-0.3,0.04,1e-14
rs13266634,SLC30A8,8,118184783,C,T,-0.3,0.04,1e-14
rs13266634,SLC30A8,8,118184783,C,T,-0.3,0.04,1e-14
rs13266634,SLC30A8,8,118184783,C,T,-0.3,0.04,1e-14
rs13266634,SLC30A8,8,118184783,C,T,-0.3,0.04,1e-14
rs13266634,SLC30A8,8,118184783,C,T,-0.3,0.04,1e-14
rs13266634,SLC30A8,8,118184783,C,T,-0.3,0.04,1e-14
rs13266634,SLC30A8,8,118184783,C,T,-0.3,0.04,1e-14
rs13266634,SLC30A8,8,118184783,C,T,-0.3,0.04,1e-14
rs13266634,SLC30A8,8,118184783,C,T,-0.3,0.04,1e-14
rs13266634,SLC30A8,8,118184783,C,T,-0.3,0.04,1e-14
rs13266634,SLC30A8,8,118184783,C,T,-0.3,0.04,1e-14
rs13266634,SLC30A8,8,118184783,C,T,-0.3,0.04,1e-14
rs13266634,SLC30A8,8,118184783,C,T,-0.3,0.04,1e-14
rs13266634,SLC30A8,8,118184783,C,T,-0.3,0.04,1e-14
rs13266634,SLC30A8,8,118184783,C,T,-0.3,0.04,1e-14
rs13266634,SLC30A8,8,118184783,C,T,-0.3,0.04,1e-14
rs13266634,SLC30A8,8,118184783,C,T,-0.3,0.04,1e-14
rs13266634,SLC30A8,8,118184783,C,T,-0.3,0.04,1e-14
rs13266634,SLC30A8,8,118184783,C,T,-0.3,0.04,1e-14
rs13266634,SLC30A8,8,118184783,C,T,-0.3,0.04,1e-14
rs13266634,SLC30A8,8,118184783,C,T,-0.3,0.04,1e-14
rs13266634,SLC30A8,8,118184783,C,T,-0.3,0.04,1e-14
rs13266634,SLC30A8,8,118184783,C,T,-0.3,0.04,1e-14
rs13266634,SLC30A8,8,118184783,C,T,-0.3,0.04,1e-14
rs13266634,SLC30A8,8,118184783,C,T,-0.3,0.04,1e-14
rs13266634,SLC30A8,8,118184783,C,T,-0.3,0.04,1e-14
rs13266634,SLC30A8,8,118184783,C,T,-0.3,0.04,1e-14
rs13266634,SLC30A8,8,118184783,C,T,-0.3,0.04,1e-14
rs13266634,SLC30A8,8,118184783,C,T,-0.3,0.04,1e-14
rs13266634,SLC30A8,8,118184783,C,T,-0.3,0.04,1e-14
rs13266634,SLC30A8,8,118184783,C,T,-0.3,0.04,1e-14
rs13266634,SLC30A8,8,118184783,C,T,-0.3,0.04,1e-14
rs13266634,SLC30A8,8,118184783,C,T,-0.3,0.04,1e-14
rs13266634,SLC30A8,8,118184783,C,T,-0.3,0.04,1e-14
rs13266634,SLC30A8,8,118184783,C,T,-0.3,0.04,1e-14
rs13266634,SLC30A8,8,118184783,C,T,-0.3,0.04,1e-14
rs13266634,SLC30A8,8,118184783,C,T,-0.3,0.04,1e-14
rs13266634,SLC30A8,8,118184783,C,T,-0.3,0.04,1e-14
rs13266634,SLC30A8,8,118184783,C,T,-0.3,0.04,1e-14
rs13266634,SLC30A8,8,118184783,C,T,-0.3,0.04,1e-14
rs13266634,SLC30A8,8,118184783,C,T,-0.3,0.04,1e-14
rs13266634,SLC30A8,8,118184783,C,T,-0.3,0.04,1e-14
rs13266634,SLC30A8,8,118184783,C,T,-0.3,0.04,1e-14
rs13266634,SLC30A8,8,118184783,C,T,-0.3,0.04,1e-14
rs13266634,SLC30A8,8,118184783,C,T,-0.3,0.04,1e-14
rs13266634,SLC30A8,8,118184783,C,T,-0.3,0.04,1e-14
rs13266634,SLC30A8,8,118184783,C,T,-0.3,0.04,1e-14
rs13266634,SLC30A8,8,118184783,C,T,-0.3,0.04,1e-14
rs13266634,SLC30A8,8,118184783,C,T,-0.3,0.04,1e-14
rs13266634,SLC30A8,8,118184783,C,T,-0.3,0.04,1e-14
