,score_biosynthetic,score_metabolic,CWI,condition,workload_state,dl_biosynthetic,dl_metabolic,dl_stress,dl_dedifferentiation,dl_CWI,ensemble_CWI
ERR1630023,27.43776039419565,42.06310155461833,2.875220444732241,Healthy,S1_Resting,7331.151685768429,-12.163928314819344,344.20529400485714,-9.660448790555558,3.075489095818648,8.887445102984538
ERR1630038,39.11355418922908,40.56658200386519,3.9304844829745056,Healthy,S1_Resting,4937.679687810988,-99.41626755381529,88.73954294809523,9.912328752039357,2.860266431291571,9.986871102076977
ERR1630043,35.250775074647734,35.56302590756742,3.9443042753504063,Healthy,S1_Resting,11070.401248553228,-96.2932106433735,469.52548858695235,-9.326666229762221,5.962531354328475,11.853002074220726
ERR1630053,30.57330418967132,26.73558573982364,4.211816575256871,Healthy,S1_Resting,7558.844014692701,15.709002680321277,225.30310924580954,-10.563324272906705,2.6213279201832766,9.986871102076977
ERR1630057,25.418639090141458,23.827553165105016,3.898709801469223,Healthy,S1_Resting,2026.395937989088,-10.528191852610462,20.30891018076187,-12.859291704761334,1.2122320180820378,5.950820394882362
ERR1630070,42.577253053528494,35.72478190639021,4.604007454626258,Healthy,S1_Resting,9660.588096831421,116.78169164510045,17.654674576599973,-8.84153121748268,2.0125000453179713,9.509488760365786
ERR1630073,33.25709578661387,22.708004164216675,4.956503558343005,Healthy,S1_Resting,4957.522730885661,-130.80450582389562,433.6846345419143,-5.284540078577777,4.087211913553539,12.749902231375085
ERR1630077,32.491292978914686,36.13711965976754,3.65123657596596,Healthy,S1_Resting,3649.5871580408566,-103.67032651907635,357.5558310955238,-9.118775308555556,2.892563404309669,9.36482744469573
ERR1630089,19.293960661620662,45.06206685978801,2.1023512966196587,Healthy,S1_Resting,6738.682837329352,156.4891758631526,153.58585824779996,-10.479441526822221,1.6544173263541535,5.357709000635125
ERR1630099,24.115496980132523,43.91868080348841,2.524599489782398,Healthy,S1_Resting,6384.7771876585975,-56.98918350347387,237.22599362809518,-7.775423751635556,3.0072621585703683,8.46792728754137
ERR1630101,12.593593556036838,44.07809747038942,1.604588603588865,Healthy,S1_Resting,8368.694162513502,219.72970450469876,183.30821765638098,12.179831220011367,1.9167396715012401,5.835091342346315
ERR1630105,6.165952328513417,72.97814297339167,0.7461248541193521,Healthy,S1_Resting,724.1982522267518,-66.91144437492957,184.7966542785895,-6.421429667688888,1.3776305667066353,3.3903151075223357
ERR1630110,45.76093761315144,33.559689249746185,5.1025233298685135,Healthy,S1_Resting,16717.626626343244,418.34739953613666,-3.0519070041904826,-6.508863919273892,1.8308279433839723,9.49502262879878
ERR1630128,38.69687980409746,27.19034577841935,5.055369894923556,Healthy,S1_Resting,12308.96610060055,137.45024648417672,243.0981113274286,-5.704516002902223,2.8740427667468085,11.476882653478576
ERR1630129,34.70740478743422,45.88400186474191,3.2625338930791017,Healthy,S1_Resting,11532.1201962444,431.2396912541675,7.8203525886095235,-10.20568221586,1.3452050226995325,5.357709000635124
ERR1630132,32.742787146463115,50.73011367325203,2.890968403361988,Healthy,S1_Resting,20394.951771320233,250.15493503325303,43.33846808381905,-6.32707100982106,2.894069498232766,8.525791813809393
ERR1630137,37.62603359738196,42.69964398598357,3.671124775306925,Healthy,S1_Resting,11646.89556864076,306.73439258855416,60.52006462685712,-6.970239702462776,1.7251425224754495,7.006847999273785
ERR1630145,68.63854609619807,27.2093482482192,8.318147763519397,Healthy,S2_Active,13482.75099133293,354.7776015409639,-6.679349161985755,-0.7371437049644447,1.7223788845528651,12.706503836674067
ERR1630147,48.39972817933975,43.80567276886691,4.463103782432407,Healthy,S1_Resting,14041.163393470222,249.238273761063,61.67760694931431,0.3381205525748676,2.2513596611236713,9.726480733870874
ERR1630148,33.02168817485532,39.06668322770764,3.5086768958918246,Healthy,S1_Resting,16079.898296123947,264.985740666747,1.0239692210101765,-1.501674862599998,2.275670441493753,8.091807866799218
ERR1630153,41.05819780763835,29.63418354519109,5.03884624889008,Healthy,S1_Resting,20772.46119834903,604.2144595069478,-16.772227624000024,15.057854478777346,1.9033180865031214,9.581819418200816
ERR1630157,81.91201620691704,4.585637598551092,19.664713120403853,Healthy,S2_Active,22686.185814663993,279.0725628328032,191.4193379021714,-9.171021633960022,3.425966614530623,18.941406542053564
ERR1630164,45.24990820504929,16.663149058420878,7.536274712524662,Healthy,S1_Resting,20219.598842671865,273.95055442415264,38.35261745985716,-7.212030676064226,2.739270495368233,13.979523414570577
ERR1630168,36.30992132000608,39.579083404578434,3.7584761294398144,Healthy,S1_Resting,9688.586586888407,396.6809551342571,56.13866718151429,-13.66212639171915,1.2836527129758073,5.791692947645298
ERR1630175,32.086413017820206,31.442589305460395,3.95945501753198,Healthy,S1_Resting,20560.67501887983,336.12116897855424,143.602165117619,-7.063374997488888,2.79751075390898,10.059201759912007
ERR1630176,40.0170267553233,44.770781343073786,3.7369429033216273,Healthy,S1_Resting,20914.68644448673,205.39692923554222,78.45238380301903,-3.773740320266666,3.343648673754268,10.39192278595314
ERR1630183,39.36326389551789,31.181647438459127,4.7096251514148495,Healthy,S1_Resting,18294.394917653746,194.37708316144582,175.15430462472816,-7.468625781777777,3.2868280600621738,11.925332732055754
ERR1630193,33.6246577083063,33.52165821941152,3.9459208045068017,Healthy,S1_Resting,15584.442368083695,226.43461091859436,102.29234106561907,4.175251607462222,2.685123745223248,9.726480733870874
ERR1630196,34.8019002063853,23.94178207945361,4.99142229344022,Healthy,S1_Resting,12113.358470183419,186.5957292299529,53.40585362428571,-6.948343365816513,2.157880017772802,10.088134023046017
ERR1630199,32.05311463740238,26.46204013076973,4.401976746809623,Healthy,S1_Resting,11670.798889346004,541.3707022634458,173.01482370152377,-8.27312974816,1.4072278418503397,7.657823919789045
ERR1630200,42.50656390907788,22.40952699595085,6.122540537377639,Healthy,S1_Resting,20724.8718177414,474.94983991084337,-22.995690248476194,-6.275299541911112,1.992834143974851,10.825906732963313
ERR1630204,66.79327988717527,28.01640581418917,7.973744438040919,Healthy,S2_Active,15130.77226926951,262.0713926441758,-20.086936773704764,-8.90128480222222,2.061795760450436,13.473208809725374
ERR1630212,52.48488980989652,41.34840542333618,4.987582326414461,Healthy,S2_Active,16065.92060080015,467.9337153072811,-13.595342821380939,13.193133898537681,1.7923730766179593,9.08997094492262
ERR1630233,19.90312828755612,24.86023872954824,3.169587947286987,Healthy,S1_Resting,962.1584832386784,178.48963583394718,-43.304683696341634,-5.564283110701473,0.6222410520488232,2.7682714501410866
ERR1630239,34.49271743463599,45.37268693481063,3.2722967762757778,Healthy,S1_Resting,12387.2672855929,577.8117752576505,-12.152872238657139,-6.181902223891855,1.1913629065877045,4.706733080119863
ERR1630240,45.00943803447144,43.59131554305224,4.207775965033592,Healthy,S1_Resting,16530.466495349596,415.764031513821,33.53404765316189,-8.770457574974987,1.8717886728897426,8.410062761273347
ERR1630242,27.900954142674024,26.960290444521707,3.897616890623233,Healthy,S1_Resting,19935.35673177605,659.7840874036948,-20.939228971238066,24.990241323466662,1.8003366416817235,7.64335778822204
ERR1630249,30.137753813974857,0.9317709581435278,9.920372654818395,Healthy,S1_Resting,30602.183779684397,230.49264163345822,82.02627397428569,-2.801648783546667,4.472763077621505,17.914311200796153
ERR1630254,42.98562570464121,18.89277330134881,6.774524684025555,Healthy,S1_Resting,17918.90797259193,318.75079260285145,37.262076730761905,9.617657151487212,2.4858346956785895,12.417181205333952
ERR1630263,30.97851532717672,65.5562615675367,2.272543609329568,Healthy,S1_Resting,9033.103659111846,352.43611609544183,38.31085855680948,-7.383479114333334,1.3134010753167031,4.446342711913759
ERR1630265,35.02273249269122,60.10787158810678,2.686219549133728,Healthy,S1_Resting,14860.02011110516,529.2033267953574,11.458527272340959,16.560756269466665,1.6321446987267816,5.560234842573205
ERR1630267,35.51589890534012,22.49943999940721,5.257338545266182,Healthy,S1_Resting,19586.5137624372,247.58419263269076,27.87260960714285,20.13254300004933,3.0930105472338143,12.301452152797903
ERR1630268,29.87769883380813,39.76373369638159,3.198168247466004,Healthy,S1_Resting,25310.1094063916,304.4474688993293,50.869490917666695,11.617592988888891,3.4679405736812896,9.784345260138897
ERR1630269,41.49759573713552,51.39329605023455,3.4838927980721826,Healthy,S1_Resting,21241.300605287444,261.8753743879648,-41.31720235462857,-4.3292184339999995,2.710304256637145,8.872978971417533
ERR1630275,32.609249117755816,20.72582249656305,5.129414149774393,Healthy,S1_Resting,19594.849910014138,49.07926992640964,84.45031193085714,-6.544717821527073,4.375544723372492,13.212818441519271
ERR1630276,35.05930614996198,47.28605123442259,3.2187047296465603,Healthy,S1_Resting,12229.939929320573,243.58974706285142,177.9855232281905,-10.536451640855848,2.173861417350639,7.426365814716951
ERR1630283,30.900595804063062,32.00581483661428,3.7977839216274414,Healthy,S1_Resting,19140.688567992944,457.4302609252362,10.032514106619075,-6.155044109355553,1.9751125832817484,7.84588363016012
ERR1630287,29.39123528288957,18.829462512662197,4.964135503378038,Healthy,S1_Resting,21308.125221865415,286.12856835935736,113.66154600373982,11.085995977156736,3.2685076434443414,12.084460179292819
ERR1630312,36.64591457353261,20.448261772935076,5.684816637562809,Healthy,S1_Resting,22265.09489058121,294.36650182571395,27.113563000876155,5.536115175029238,3.0051420644732243,12.532910257869997
ERR1630316,38.14808587152972,34.01642954490053,4.336558278544096,Healthy,S1_Resting,7496.525936301242,26.313457153012052,80.54802658073334,41.83653281251555,2.750595172769143,10.449787312221163
ERR1630321,42.06943337453371,46.51487915255235,3.792048473822829,Healthy,S1_Resting,13485.978266104099,309.1896216375904,46.28475623455242,-8.434468458665032,1.8799725740443072,7.599959393521022
ERR1630323,30.52373553021192,20.62730834521806,4.876157138282951,Healthy,S1_Resting,9216.389633763356,417.96649775318474,116.15372224057144,14.422599410527708,1.44259671884371,8.033943340531195
ERR1630334,42.78680242589488,26.52345057732458,5.584436855517175,Healthy,S1_Resting,20960.901764296897,284.8970158477108,14.505654723038063,-8.085962343333328,2.6966256177658408,11.76620528481869
ERR1630368,31.015718503338444,18.64672008230648,5.207902470955447,Healthy,S1_Resting,18273.211839172123,333.85934954493973,-8.751422228714247,15.598583397022223,2.413532756749588,10.854838996097326
ERR1630394,43.74727906612688,14.691085315849786,7.767533494378369,Healthy,S1_Resting,9069.648809491848,429.6794344012851,166.19929668718095,4.454520446124301,1.411486512399408,11.41901812721055
ERR1630401,46.63111226513469,49.07135867062885,3.981567045926518,Healthy,S1_Resting,14060.079650426078,240.03204851881526,2.8969507282285747,18.396409054888892,2.324199485134652,9.234632260592678
ERR1630414,32.954993378407394,27.71186390699816,4.378168234397345,Healthy,S1_Resting,12104.360313419958,368.32071813538147,-6.939512732704728,14.341391521422219,1.6591557465646833,8.164138524634247
ERR1630427,40.04952638172884,43.19309312583872,3.836326262171097,Healthy,S1_Resting,13087.9474119131,-7.611467177710864,89.57831303259712,-3.58545089577911,3.7651793353000937,11.129695495870436
ERR1630436,34.50165893670848,29.22587770935178,4.39841920055842,Healthy,S1_Resting,13709.662900812695,93.83575592516985,73.48875850223811,-6.246004879153553,2.93077951554657,11.028432574901395
ERR1630444,46.05824600418003,32.08822609587474,5.282471431818212,Healthy,S1_Resting,17421.150800153184,189.10433068634535,164.53973064295246,-2.947668291653313,3.2233736503096506,12.460579600034968
ERR1630505,43.08065551539006,1e-10,14.01855080172842,T2D,S1_Resting,25399.7136323051,387.90161718453817,-7.98224182200002,-5.991504035479998,2.693217542560037,17.16207235931185
ERR1630518,43.67618627824712,6.048828861102943e-10,14.183131903140142,T2D,S1_Resting,17747.76325811826,251.25934185341367,55.2748538564762,2.0835709070219544,2.7053306380969917,17.263335280280888
ERR1630556,51.93615269682179,2.5487292856569965,14.3966131230187,T2D,S2_Active,6852.896063743715,187.40925390489957,61.49250182438092,-7.181155362590001,1.4659346726960434,14.659431598219848
ERR1630563,29.684526987997454,3.735774018765084e-06,10.31638959546933,T2D,S1_Resting,19291.154721381696,308.21619162610443,5.335781972266631,-4.079162510147333,2.4481642712356955,15.744391465745284
ERR1630564,32.99829087225798,4.274085723976217e-09,11.232184778441,T2D,S1_Resting,11605.767494435622,180.3733958448152,-26.31127300481907,7.432330531370223,2.071786682878549,15.58526401850822
ERR1630573,31.23624239705449,11.37556267786799,6.545953362789518,T2D,S1_Resting,11479.91898731751,206.2814430648259,-37.03837944447619,-6.230879264888888,1.825805691522283,10.854838996097326
ERR1630644,28.777999876479377,6.456512240137476e-05,10.065826950999345,T2D,S1_Resting,22682.441023617557,519.8299113416184,53.641940485352364,-1.3141872772222216,2.2566696323582103,15.223610729333076
ERR1630649,31.56081499445397,13.531329517760238,6.145461054982628,T2D,S1_Resting,10385.93786347792,269.15675397871485,137.6854851712381,-7.513189154177776,1.8073621693667803,10.319592128118112
ERR1630774,23.948950667242837,22.10321573990642,3.886669442437685,T2D,S1_Resting,14889.318035377026,403.1247770712851,60.83973503495237,-5.898454165387234,1.8237406399213136,7.657823919789045
ERR1630800,32.0852230230622,12.638763412616084,6.410682618238184,T2D,S1_Resting,9330.25164274378,304.5911303749799,-41.05163574846671,-4.1108463016888885,1.344719262724214,9.408225839396746
ERR1630851,14.701612681287717,53.43905346097689,1.5386920825337205,Healthy,S1_Resting,3091.7078376594477,-10.653060885542175,390.35470090371433,-9.759232000711032,1.9945486628508002,5.892955868614338
ERR1630861,28.1985692971492,81.98908931418457,1.761444345876562,Healthy,S1_Resting,3313.181229542803,1397.5306770554216,128.02164904604766,-5.439363062977777,0.3283267488415523,1.7990406351516979
ERR1630869,7.078663924365638,125.09374261334337,0.5051893876817359,Healthy,S1_Resting,2384.587265823673,-1.0466992525811918,34.082693480571436,-7.590371373035909,1.2966711727598483,2.65254239760504
ERR1630870,26.71196549391643,108.51868750486686,1.3336020262719122,Healthy,S1_Resting,4172.789839472613,97.59304103890078,69.91046888199999,-1.549829865765199,1.373760488381413,3.9689603702025678
ERR1630882,20.124541112675672,93.69207658284428,1.2213341055755211,Healthy,S1_Resting,5567.9840673753515,132.73417028409636,85.47787495923811,-4.1569786152888915,1.4943181984666856,4.214884606841666
ERR1630900,13.567398376906883,89.27801540543281,0.9714264037816216,Healthy,S1_Resting,490.21497209109884,87.02015494859435,92.30196859847621,-7.773699521522618,0.7764147848403292,1.321658293440507
ERR1630937,8.159422756500723,104.07911314024123,0.635823112379367,Healthy,S1_Resting,4841.74609492001,99.89341951405623,31.980797360095295,4.599887438933332,1.4604155390921034,3.4337135022233536
ERR1630947,12.459155843273512,81.04229266955211,0.9974387406593496,Healthy,S1_Resting,8248.503491282101,274.2964705178715,371.3978915151429,-2.1181750755777773,1.901480983364531,5.1262508955630315
ERR1630953,15.48364162188754,110.9103712236452,0.8810713963925826,Healthy,S1_Resting,2480.598582525394,171.0393744890498,486.8763720727618,-4.46131217728889,1.3065906445929942,3.216721528718266
ERR1630966,21.38626079868318,85.42598012131378,1.3791380379963754,Healthy,S1_Resting,3943.117354233428,224.25215874706834,250.26353896057566,-8.823080213914743,1.1870981077010807,3.144390870883237
ERR1630968,1.810710237688338,177.3257831520618,0.2375612241432677,Healthy,S1_Resting,1333.6580763751595,218.24385633261045,308.89701693923814,-10.04655364073333,0.8455489178776475,0.7864114254612926
ERR1630972,20.11830119760373,71.88125507805036,1.518249436078532,Healthy,S1_Resting,4373.736028816773,248.77133398341368,11.967625000999988,-7.397481357074252,0.9674335821081599,2.4066181609659414
ERR1630991,23.347064421628,91.26886958127724,1.393366542913242,Healthy,S1_Resting,559.6440139718259,-167.77731075381524,19.660799852571415,-5.6009036445153235,1.768364683502168,5.068386369295008
ERR1630997,0.4965801910546762,174.30206618683513,0.2077661627810608,Healthy,S1_Resting,-903.5902617902328,-66.77009808180723,2.750644319619056,-4.6133729934,0.7724046198176164,0.5983517150902173
ERR1631001,23.22697913265003,82.25308269041844,1.5131217947939857,Healthy,S1_Resting,4559.524931175691,346.2519555357429,105.14959458247614,-14.270415857333335,0.9041927688534684,2.016032608656785
ERR1631006,22.51038484689984,75.7916173602883,1.5801125343126414,Healthy,S1_Resting,6277.408892985455,-25.262843576104416,66.72715200599997,-9.999393171377777,2.2778251074930633,6.471601131294571
ERR1631010,12.374983576187242,96.51525913185868,0.8587417672630648,Healthy,S1_Resting,9554.392188896574,534.785639228514,91.17051511794574,-8.685977346822222,1.1358696816102969,2.305355239996901
ERR1631020,15.907190066504471,53.26489419425244,1.6256812101624976,Healthy,S1_Resting,9886.148977069639,494.3807036333335,211.81173160238095,-4.592163745555555,1.3854573024566144,4.460808843480765
ERR1631021,18.91323899047884,88.6103679981519,1.2238766226243896,Healthy,S1_Resting,6221.252032966562,141.7475716458233,125.88359789180947,-5.7602007163555555,1.6157136630439404,4.460808843480765
ERR1631026,10.90111970072499,93.70444351227432,0.8155871156116234,Healthy,S1_Resting,9673.879669168047,487.06606671827313,112.13557598702856,-10.638033079068888,1.2245662755931048,2.8116698448421036
ERR1631031,9.273442068113049,99.4024571839056,0.707815823903418,Healthy,S1_Resting,7694.0756678124735,558.4033216344359,152.709048318,-5.870323567111111,1.0250382265748987,1.6688454510486461
ERR1631077,23.44494361324468,105.70108693483309,1.2343361538701827,Healthy,S1_Resting,2827.9497456219747,171.25987465152608,64.84903070280477,-6.358874194888888,0.96280018940781,2.1606939243268433
ERR1631081,45.60848895177489,82.41470134063398,2.6058910999682388,Healthy,S1_Resting,6536.639396087749,249.08311030574293,-22.113294197723803,-4.388513921466667,1.1863697625389618,3.9834265017695736
ERR1631094,22.731181582772884,76.05846947926211,1.5871534633229671,Healthy,S1_Resting,9185.339618184184,212.8591164904171,34.80726537666666,-3.4081515789600005,1.680862781916556,5.155183158697042
ERR1631098,13.791263781231669,124.15010529945556,0.7404003384813951,Healthy,S1_Resting,3345.326015508938,128.25323118072288,71.34444057085712,23.035665936577775,1.283316386755319,2.8550682395431215
ERR1631116,21.78743195010041,100.8030826501722,1.2168141029735025,Healthy,S1_Resting,8613.386249297135,369.0168740634538,-22.56224440838095,-5.878410937266666,1.1734725537772015,2.7538053185740807
ERR1631120,10.635194735234425,82.52011822010219,0.8935760855123984,Healthy,S1_Resting,6513.083685770891,472.5720334776305,287.8878711304667,-9.068753238786668,1.1271949565031307,2.305355239996901
ERR1631122,6.807502013653868,112.55855716453016,0.5435940841442611,Healthy,S1_Resting,5866.144731273037,54.84981818168673,116.81038704761905,-6.770748008333332,1.8695560922217298,4.345079790944718
ERR1631130,10.691906312392751,95.96726424949958,0.7903382259254714,Healthy,S1_Resting,7700.520231957807,184.64122587342973,240.91664749544907,-6.847724581471378,1.8720402093626614,4.7067330801198635
ERR1631160,9.573804159946098,96.58868670145628,0.7381127271294999,Healthy,S1_Resting,4213.468752131103,519.7809512405623,-66.19854429142858,-2.6716669792366665,0.6133876198538977,0.6706823729252462
ERR1631178,12.3431473950975,90.67348137208856,0.90357840055281,Healthy,S1_Resting,2721.693136809501,62.69381292935739,736.7447345369906,-5.90512115311111,1.9934155258459987,5.299844474367101
ERR1631189,22.712403543915222,76.62965487797824,1.5765710283029577,Healthy,S1_Resting,8329.966497247326,323.45837935269077,60.700313930209575,-5.1142596929333335,1.339349914277996,4.084689422738614
ERR1631192,14.215338145232728,133.84270905035814,0.7067655947562471,Healthy,S1_Resting,2003.6110451583334,-48.80075548462571,340.6480256741619,-7.39091784828889,1.8554038865043725,4.402944317212741
ERR1631202,23.47325575705887,122.547512569098,1.0870921214907483,Healthy,S1_Resting,-948.9141426171975,-192.2875945748996,180.47582137704762,-5.570041473169518,1.610146943841607,4.301681396243701
ERR1631233,24.916373250842973,43.544650691132425,2.6040586309003766,Healthy,S1_Resting,11580.363032841191,103.85783060843372,115.30540462095242,-0.7360233493033341,2.69127121496412,7.759086840758085
ERR1631235,43.82383776852343,14.682802268044084,7.781092522055514,Healthy,S1_Resting,19046.04194600741,122.47062402291164,66.70024487479046,-2.217880161311111,3.618559102585103,15.860120518281331
ERR1631243,41.45471424483932,9.463234243139071,8.847575011101451,Healthy,S1_Resting,15612.246572599042,352.8848165130403,33.409410043333324,-5.258172655571588,1.9787787664645606,13.560005599127408
ERR1631253,36.48200641079588,24.917728886256267,5.070252567517134,Healthy,S1_Resting,19564.02210576036,226.4486737454307,17.50718159254285,10.535212324622222,3.047914822594167,11.983197258323779
ERR1631281,51.70352019101429,15.684319579783503,8.703444150461216,Healthy,S2_Active,12927.484545611464,217.65388384016063,29.248027925714297,-3.98617162053333,2.118556076491549,13.878260493601537
ERR1631293,61.41015521157488,5.1953628794190845,14.759731871565824,Healthy,S2_Active,11441.2861115439,390.28969635461846,23.695757371428556,-8.552830896177776,1.445399565355029,14.659431598219848
ERR1631297,33.49131524167606,17.250367660016053,5.762570788795786,Healthy,S1_Resting,9167.884058559872,222.00406904096388,18.30137793801603,8.572821218400003,1.7097704469134065,9.856675917973925
ERR1631298,45.81931727947179,1e-10,14.775408379446644,Healthy,S1_Resting,12864.000789873033,243.18668659196786,14.32850687821427,18.578579237602668,2.187154362210711,16.525562570363597
ERR1631303,35.63204932470291,15.38545468012093,6.403838818328652,Healthy,S1_Resting,12406.958990169216,167.44566112588313,49.033075937904755,-4.447745730000001,2.293463469296141,11.76620528481869
ERR1631349,34.34217885035521,0.1604016550237568,11.499561823999096,Healthy,S1_Resting,26753.171028977868,65.89891820883531,10.592325653238106,-0.8315405681240708,5.206278360102403,18.767812963249494
ERR1631350,26.435628509999795,65.25657065575514,2.012488788792985,Healthy,S1_Resting,3054.728358872065,60.895403355542186,-0.8940000088192903,-5.104100680617332,1.1854266302096674,3.694103870429457
ERR1631356,36.67083788981138,0.1291605377644611,12.158570647024046,Healthy,S1_Resting,18554.392643751697,77.88114435155823,61.122551024428574,5.49698462440127,4.019501585705167,18.623151647579437
ERR1631363,42.069623636451766,15.817999256458938,7.261586031170458,Healthy,S1_Resting,17572.419132410192,225.41216031409638,115.19334062400003,-2.2487093550095105,2.915837847168125,13.921658888302554
ERR1631369,54.50723588914528,11.008623849815622,10.597397463201286,Healthy,S2_Active,12977.182689923418,134.39332796931723,98.03200395428573,-3.2364427120454895,2.6727362898830274,16.207307675889467
ERR1631370,34.13194554288912,17.63812866941407,5.788155829917557,Healthy,S1_Resting,17048.88701360698,139.5130419084337,87.09294130626667,-3.1025075228297254,3.2430207327832097,13.053690994282208
ERR1631374,63.42056186846307,3.4526480375473e-09,19.639694838255654,Healthy,S2_Active,11403.774516481804,412.0800065126839,118.6802951204762,-6.357677383827111,1.5526640871184565,15.050017150529007
ERR1631391,40.90428691562013,0.4950940828045487,13.052658188963004,Healthy,S1_Resting,9229.434032981528,158.13402298827305,147.93949415649882,-6.729594891510777,2.051861066000087,15.975849570817376
ERR1631394,47.062804017637816,1.1554840889685139e-10,15.119058834161468,Healthy,S1_Resting,13492.091018474734,286.07084643975907,99.9332474752381,-10.820586381555557,2.031800875230281,16.33750285999252
ERR1631421,31.373397454650345,18.70131368360056,5.248208811097799,Healthy,S1_Resting,21786.943958267875,208.31526267293043,37.999186111619025,2.271811571743198,3.394783841424689,12.749902231375085
ERR1631422,31.586375416349348,17.135800228700486,5.513774858007479,Healthy,S1_Resting,20401.77174098726,147.40387118887546,52.25416906601488,6.607501856352169,3.7257498036448737,13.400878151890346
ERR1631434,37.97689190333964,22.083424444018505,5.615170355810996,Healthy,S1_Resting,9551.52351307983,319.0719012023695,37.91529364646664,6.2506290683111105,1.5200536867719152,9.263564523726687
ERR1631451,62.448249600252886,20.58338586157165,8.964867212673024,Healthy,S2_Active,20825.620376989045,308.45064326838155,20.7630164021905,-4.846492021794551,2.640976029334746,14.919821966425953
ERR1631453,28.093106982146104,24.684310566019786,4.128953007040309,Healthy,S1_Resting,17678.636185615705,93.39231408473891,81.56753182000003,-5.835760063333332,3.622283946263826,11.63601010071564
ERR1631467,44.9403484054542,34.296682094209274,4.952955803059671,Healthy,S1_Resting,13409.265438845861,205.3925739981526,46.386042853809485,-2.373629508577781,2.281567887793313,10.102600154613024
ERR1631480,48.2737354215447,43.01443149570366,4.511072465990809,Healthy,S1_Resting,18322.734251560934,353.32788116305215,156.75679375809528,-0.08501876806754982,2.589777317067744,10.39192278595314
ERR1631510,26.591180581102844,21.091862369465797,4.321428064413173,Healthy,S1_Resting,18719.884679016635,229.30135384618472,38.69187671855585,-5.901218523806669,2.785240931232462,10.46425344378817
ERR1631541,32.951255293807904,40.22418702819084,3.4326466185365625,Healthy,S1_Resting,15055.155301072184,266.81781906102077,55.02322324095239,8.06039296022222,2.37103144002929,8.135206261500237
ERR1631551,75.25447358888961,14.80737101524744,12.484822158963198,Healthy,S2_Active,12103.70083266784,184.5696428564257,103.19405803742855,-5.686442433302293,2.2850350208345067,16.163909281188452
ERR1631564,36.53958026776757,0.0245438311592356,12.193979024922232,Healthy,S1_Resting,20327.952377393638,260.32257207028636,62.04422117326668,-6.26574574170921,2.892439625745952,17.191004622445863
ERR1631565,46.00251699830479,25.228226797221662,6.119621612452001,Healthy,S1_Resting,18766.728677417195,244.1775679963855,98.22463344371431,4.140538241001245,3.014033254692186,12.83669902077712
ERR1631590,52.695223941529726,20.096362963853284,7.816820137229036,Healthy,S2_Active,18672.2484983559,228.28646087928917,77.9109391344762,-0.8566329893156581,2.9597517829713773,14.919821966425955
ERR1631591,36.41856458908633,22.98739368380314,5.302973385044016,Healthy,S1_Resting,14603.653805044249,134.73702336666668,119.31849467147671,8.518677149233332,3.138819342711502,12.417181205333954
ERR1631613,30.4218632940156,2.843638258033507e-08,10.52016228613892,Healthy,S1_Resting,25664.694054304135,214.18728032650603,60.898908328647906,0.510032942622221,3.9223933974333365,18.044506384899204
ERR1631630,26.028405742650545,1e-10,9.30598474961164,Healthy,S1_Resting,22423.24512878008,285.1094901480425,51.544431403079514,-5.589798124444445,2.995837264958386,15.816722123580314
ERR1631653,26.128689404955107,4.395391692376806,7.479698843451747,Healthy,S1_Resting,21827.125889373543,318.01080400029315,-6.091688637428561,-7.336598852023555,2.603858750743941,13.531073335993398
ERR1631661,32.84071916113321,0.0001525972267566,11.188541922103605,Healthy,S1_Resting,27289.67615547495,291.09895644216874,42.29720136923811,3.8073484820011165,3.6251566694734136,18.174701569002256
ERR1631679,26.426423410953035,0.002532440022819,9.414636528578912,Healthy,S1_Resting,22382.19726014777,150.7961976316064,78.98553046438094,-4.958618551865943,3.90627035588634,17.104207833043823
ERR1631696,26.83998462576253,1.503948476895463e-09,9.530272989068225,Healthy,S1_Resting,22128.316864788758,280.4697368636546,29.945404447092017,-5.6344890578266975,2.9193136709643843,16.077112491786416
ERR1631697,28.72989266403699,4.627742022069529e-09,10.05256867149075,Healthy,S1_Resting,23771.457307494402,264.16987352536546,91.31110912633721,3.6242356628888874,3.523033377420533,17.523725648486995
ERR1631699,30.31051651677592,43.87812111354593,3.0190200671222724,Healthy,S1_Resting,18988.240260797418,291.3599994226685,65.10586189876189,-5.924506149622221,2.6136393966356044,8.005011077397185
ERR1631702,26.99746522426386,13.849078360999007,5.375527334393912,Healthy,S1_Resting,17818.230587447757,285.8897786547791,53.550211266285686,-2.291153675022222,2.5139957757777918,11.216492285272473
ERR1631711,27.45304845399372,7.8226644634856575,6.730543831943182,Healthy,S1_Resting,20127.48466381369,361.26757986044174,56.25378972228108,6.491520978444444,2.587333329677409,12.446113468467962
ERR1631732,23.973108377425863,35.25909232592762,2.9239868913686693,Healthy,S1_Resting,20670.37324847675,376.291552351004,13.624792226666656,-0.09004765711821872,2.4120372839958573,7.614425525088029
ERR1631735,25.586024208208173,1e-10,9.183728025186385,Healthy,S1_Resting,21249.861987484885,260.06497158779115,71.05480247093332,2.82326155951111,3.1522628483097574,16.048180228652406
ERR1631745,26.21322736131355,8.001136611213243e-09,9.357062116312306,Healthy,S1_Resting,22170.100833039447,234.57362509564456,46.122909586019034,1.6171761657713466,3.308363250655466,16.51109643879659
ERR1631748,26.512611895225017,26.170909712357524,3.812726569124637,Healthy,S1_Resting,24725.23554333525,289.2348399072289,61.504221255619015,-5.0241710417688905,3.275234895946093,10.507651838489188
ERR1631786,27.284103995536544,3.495833178631991,8.063380321820324,Healthy,S1_Resting,24405.891145190464,288.38519260240963,59.48562140485711,-4.829022137275141,3.2395794706849643,15.628662413209238
ERR1631796,23.63940505852785,1e-10,8.645759637235063,Healthy,S1_Resting,19803.790317589363,156.8523542204819,109.71879950790472,2.8399739020028454,3.7120190962796897,16.496630307229584
ERR1631805,34.97680235442512,3.821478837059746e-07,11.77896669205674,Healthy,S1_Resting,24245.050828926538,261.3518561171637,16.611263692644172,-6.4149832592888885,3.1979117171017415,17.68285309572406
ERR1631811,27.06654657175278,1e-10,9.59288573298596,Healthy,S1_Resting,4718.005109932571,-125.33008133092372,360.1248909757143,-4.407355933177778,3.6905659476610806,17.248869148713887
ERR1631836,27.567403805748647,2.9401752316508435e-10,9.731302823254238,Healthy,S1_Resting,12640.692402267112,194.2758496833193,54.69503543189259,-4.077478166078339,2.2277197413481944,14.948754229559965
ERR1631838,22.205623620419654,1e-10,8.249519268871147,Healthy,S1_Resting,19582.99741407749,237.08793862933908,37.76769101295237,5.733443797622223,2.997100888354934,15.281475255601098
ERR1631856,26.75887872757044,1e-10,9.507858533810197,Healthy,S1_Resting,23498.147014065824,313.9869589107229,63.11194481809524,-6.308006636410355,3.006755550431491,16.207307675889467
ERR1631865,22.215584342989665,1e-10,8.252272017843485,Healthy,S1_Resting,17606.995843860066,144.7413564871486,83.32498537971429,-0.8388885993333339,3.3141585518568375,15.93245117611636
ERR1631881,27.079382105097235,8.416426902042612e-06,9.596428411020993,Healthy,S1_Resting,20727.22852734491,231.71332677510046,51.24118405886109,6.833319380222224,3.229070202703657,16.68469001760066
ERR1631888,26.116183170152738,1e-10,9.33024295193109,Healthy,S1_Resting,22314.20025372953,367.97630994954454,20.407578561578575,-7.24543212688889,2.538859181462813,14.934288097992958
ERR1631890,27.458219529614396,2.0689854876850295e-10,9.70112861637982,Healthy,S1_Resting,28481.81516519134,168.13069371702815,104.8973467357143,-0.0236304088888879,4.86660899519488,17.755183753559088
ERR1631920,21.533227437419427,6.586423654891357,5.879769001648807,Healthy,S1_Resting,17541.16392124507,213.29467002610437,46.471718735228706,-2.6187541107111114,2.7776422704598445,12.171256968694854
ERR1631926,26.481535609330663,1e-10,9.431211887108224,Healthy,S1_Resting,22380.73091803376,227.06396334919674,106.49226325980955,-6.1243963535555555,3.463662631848207,16.829351333270715
ERR1631941,24.63531176703929,8.24567041968431,6.089407098459151,Healthy,S1_Resting,20029.272365121444,261.2875941518072,64.83251688666668,-7.597938995333333,2.843466699970453,12.301452152797905
ERR1631942,25.322498729274788,0.0020263956013096,9.109858994628045,Healthy,S1_Resting,13980.375430242402,316.1083257831325,74.6357742170476,-6.229903022580666,1.9867453329963767,13.719133046364473
ERR1631951,29.157087392837774,1e-10,10.170628367260475,Healthy,S1_Resting,24854.44918706794,320.2886354626507,95.89944810000004,5.361388200888889,3.393823740077929,17.451394990651966
ERR1631956,27.543877005972163,1e-10,9.724800948275648,Healthy,S1_Resting,23900.44126459831,75.80264307694219,52.03104076800952,16.29803664411111,5.173316786165872,17.827514411394116
ERR1631963,28.03089017227394,1e-10,9.859392086983732,Healthy,S1_Resting,30501.439359702636,208.80478422144583,38.5113409677908,-4.967896338355556,4.394876424738802,17.841980542961124
ERR1631968,25.751569024067766,1e-10,9.22947805170611,Healthy,S1_Resting,18205.251346303714,284.08018623485947,82.88642710142858,-5.886064855550411,2.5991544818200314,14.934288097992958
ERR1631980,33.47224341163732,19.5003948890938,5.411822429868328,Healthy,S1_Resting,20690.665976420525,296.5535889228898,87.8000217786667,-4.543899097733333,2.8635745013633396,11.925332732055756
ERR1631994,23.55431675024256,22.40673938438383,3.809098818841117,T2D,S1_Resting,10300.786979132929,246.31913908361366,146.8395597026667,7.565633337333335,2.0081779221681484,8.091807866799218
ERR1632024,34.246645151202735,35.16545198738463,3.8809244406869743,T2D,S1_Resting,6588.374003784904,-57.418767888350345,414.88653859495247,-10.792446741177777,3.4819973377897906,10.94163578549936
ERR1632029,45.51184425430503,46.72391741739767,4.04147458724561,T2D,S1_Resting,8196.481098823819,854.3996379574296,156.09828698857146,-12.750192377912512,0.7840561154321037,4.764597606387887
ERR1632046,27.496347943012537,26.16445999263844,3.923109188872104,T2D,S1_Resting,13008.07864218811,94.35440410797766,86.68226732533334,-1.3360460029777794,2.910640079470563,10.073667891479014
ERR1632049,23.33112186995535,36.8740184183342,2.779899351515772,T2D,S1_Resting,428.8816489020369,-30.524791494231195,12.795224321904783,-8.954697284888889,0.9617743701505053,3.144390870883237
ERR1632059,23.02624390896736,25.25192605771185,3.496766232940645,T2D,S1_Resting,11382.224365103397,291.48732570160644,55.13102446135241,32.121833145555556,2.0288401619857037,7.672290051356052
ERR1632113,21.63656427805194,42.34182069988704,2.38864686018999,T2D,S1_Resting,2224.7669447842895,144.05455359839357,161.76452393009527,-12.537168677777778,0.9879344221435238,3.072060213048208
ERR1632130,28.32397516522783,34.66476087982586,3.3640778719404465,T2D,S1_Resting,5515.333309399257,206.82389147602407,15.245497292095223,-5.257755882173091,1.1955811104484557,4.865860527356927
ERR1632134,19.702348169049024,20.06905502441001,3.5452896685042754,T2D,S1_Resting,5561.591558997365,236.4278378464498,0.5965728645714421,3.2092190916448864,1.165679141876922,4.865860527356927
ERR1632156,50.83719375065745,47.60109639485843,4.386659744906051,T2D,S2_Active,3478.1492469549344,261.1076730844252,36.77649608666667,-7.131459474444443,0.8707174760059927,5.343242869068117
ERR1632207,24.806549029160884,22.741342127295034,3.9292288154978094,T2D,S1_Resting,14665.359935917693,495.6440649311153,154.22526580533332,11.68976654132445,1.890929685285276,8.062875603665209
ERR1632229,23.805356735754827,33.1973271494315,3.02621550622386,T2D,S1_Resting,5323.849282691402,377.5045874086345,50.72157964980957,17.37342560110981,1.0237218500029286,3.679637738862452
ERR1632286,28.88846282237995,23.31511804955148,4.361634468812916,T2D,S1_Resting,6527.235826583441,291.8415010346587,9.08058137133331,8.930838866819625,1.2110343871334166,6.703059236366663
ERR1632347,22.20922305533432,26.11754246741798,3.33643062351403,T2D,S1_Resting,6646.212123587047,337.9394695105623,17.89774702295236,-8.204489684222223,1.070746001118314,4.185952343707654
ERR1632404,41.00759821603194,1e-10,13.445639919982728,Healthy,S1_Resting,15310.59504811571,264.86617525662655,131.6054448780952,-2.9604429144444433,2.474303925824347,16.68469001760066
ERR1632439,27.712872257237496,1e-10,9.771504538399874,Healthy,S1_Resting,23371.51178240138,217.77604124172692,8.871130256190469,3.462219742263998,3.455715637884267,17.277801411847896
ERR1632457,31.778789616107517,1e-10,10.89516296303512,Healthy,S1_Resting,22612.006311402783,256.90765869754216,42.494123310666666,1.5148031970000009,3.227236722149079,17.48032725378598
ERR1632486,21.718265475418395,8.436810350296414,5.498672889681576,Healthy,S1_Resting,18201.70126973482,171.48879317301203,52.146364094666666,-7.1431533795558355,3.0472735048852035,12.431647336900959
ERR1632543,32.791820720105505,2.4137773320981923e-05,11.175109401881333,Healthy,S1_Resting,24051.5272160505,128.68183051365463,102.71312880285714,13.122511204666669,4.799896261268839,18.50742259504339
ERR1632602,39.38628930743469,13.28687936558902,7.43019133862267,Healthy,S1_Resting,1805.353600659023,142.28964427751006,39.87281045761901,-4.683540461844444,0.8538761475354321,8.496859550675381
ERR1632639,29.96985534187615,1.6740164093770613,9.498549464962016,Healthy,S1_Resting,23266.675434300865,163.15705299403527,67.02538830514287,-0.2856679053114446,3.9744917229613765,17.2922675434149
ERR1632645,40.70165472334017,35.30583376823441,4.467074944931895,Healthy,S1_Resting,13958.252385688465,277.70623790602406,183.11733155198095,-0.7257116815333333,2.3855876975421255,10.030269496777994
ERR1632703,29.788132332035783,19.24531344389452,4.960908876031401,Healthy,S1_Resting,15621.357535445286,365.6859452157068,149.36451281257143,17.88865338478282,2.396876805718074,10.362990522819128
ERR1632721,25.622752818129705,22.61362771389025,4.040805419868523,Healthy,S1_Resting,17323.96514226295,114.1220894502008,74.3051665687619,-9.135880503111112,3.3310003155347174,11.230958416839478
ERR1632846,18.36385557580489,1.1860224078120515e-10,7.18780683159322,T2D,S1_Resting,4494.511714560001,140.9053996974699,99.76857117999998,-4.946375368888887,1.3198374398765573,10.203863075582063
ERR1632885,31.602171081909187,20.04384126006649,5.09137178880407,T2D,S1_Resting,3862.222470024711,614.1301859331727,140.17791251454676,-3.0692462410222214,0.6527845884171536,5.777226816078292
ERR1632894,15.726147841030206,6.017655703720762e-06,6.458846754937151,T2D,S1_Resting,5565.173921309023,254.12460638453817,56.55098855647614,-3.7923843297495283,1.162823326258853,8.482393419108375
ERR1632925,23.589685294163285,6.196185864959159,6.396818194727961,T2D,S1_Resting,2901.4270732232267,166.7836883646586,48.696364560190474,10.539555169120446,1.0385160279604027,7.903748156428144
ERR1632928,15.99992315113483,1.0321664175547638,6.1750748413802405,T2D,S1_Resting,932.7290897068003,17.08944129100402,189.8792965609525,182.52576053884445,2.0530094716968996,11.144161627437441
ERR1632971,24.43748209652539,67.65755039682857,1.841227482850934,T2D,S1_Resting,5662.724119843443,197.9274540504016,157.00496844658136,-5.707798685131182,1.4120119469829682,4.677800816985852
ERR1633028,27.116935837908084,21.98634215912861,4.28897694651869,T2D,S1_Resting,2271.2081850405534,16.59925325783135,175.2688104945414,15.88215948216329,1.5329088110578388,7.730154577624074
ERR1633031,39.01492764829232,0.2844001262724575,12.691396523945134,T2D,S1_Resting,5424.405747630999,78.9335276413655,302.7212152533333,-6.092685045244444,1.986788254622379,15.614196281642235
ERR1633068,18.136897617198883,19.322031206394588,3.409727510922967,T2D,S1_Resting,-252.43278847290833,98.38064549959837,28.30605527337198,-12.378156009843792,0.5831905360362036,3.072060213048208
ERR1633080,22.785570793136976,17.311455952132288,4.25542687175173,T2D,S1_Resting,3622.5524530116772,145.1792579910843,111.48282557761902,-8.475438965488888,1.1703312460301174,6.153346236820442
ERR1633088,14.971138065986818,14.654423573170307,3.422115388110578,T2D,S1_Resting,5409.869346661465,259.8030680100803,79.36920245742856,3.511364386222219,1.19653080667192,5.024987974593991
ERR1633143,15.29174903878612,49.37081730390169,1.6750752600500527,T2D,S1_Resting,2435.290831955519,337.1041941835341,50.371468316269045,14.731261263222223,0.7434770945370496,2.0160326086567855
ERR1633148,19.42806653653418,2.0374176451939342e-10,7.481912566146972,T2D,S1_Resting,4127.188981761401,334.2998647056225,156.21509632114288,-7.862909158955555,0.9434951192510087,8.887445102984536
ERR1633153,21.165206482448035,7.361440336304632,5.626304780627904,T2D,S1_Resting,8321.59986551197,26.572765067911632,48.579475734883985,7.187433771733334,2.4901897179866856,11.447950390344564
ERR1633154,25.150327531858128,39.86329879313983,2.7904082246060025,T2D,S1_Resting,5088.764479355046,373.21294636127317,95.7457285540076,-6.024801891369395,0.950358026612826,3.1733231340172487
ERR1633162,18.790186205981737,1.026544643513094e-05,7.30562349298085,T2D,S1_Resting,5516.1071939453695,272.30066414919605,56.78652732123807,-2.589583698555555,1.1294171822980918,9.278030655293694
ERR1633167,13.898082200264945,38.14816779912295,1.8892635965872224,T2D,S1_Resting,3396.3943253636935,213.48716293564104,48.64003370171429,-5.525693652848001,0.9519788634997113,2.7248730554400695
ERR1633168,33.44647269617652,8.090439052453846e-06,11.356039294557451,T2D,S1_Resting,4924.940059736529,181.33685169185284,85.20111316198798,-5.337405966805779,1.2607300905193317,13.11155552055023
ERR1633185,17.626233303283932,4.969816564963609e-05,6.983937694161503,T2D,S1_Resting,2323.9582292752657,121.17677328353412,174.63372946885713,0.8687479770029611,1.1295714464328457,9.046572550221601
ERR1633190,21.190382984139177,0.0001066038245528,7.968899084269466,T2D,S1_Resting,5555.568181949873,77.92625744971888,61.12847877240682,-3.4237586392666683,1.6486989279530557,12.18572310026186
ERR1633192,17.77740433027631,1.6026889149920749,6.44337591585622,T2D,S1_Resting,3025.95909954192,52.33675328363415,67.74343449036871,-4.312014262680002,1.2974834521430267,9.220166129025671
ERR1633193,39.300581744684536,5.429449288726473e-07,12.973887819638716,T2D,S1_Resting,3091.9140501752654,155.83456734176707,120.40361813485715,-3.793091403977977,1.0986940224657626,12.720969968241073
ERR1633199,19.75312695080747,1e-10,7.571746382467601,T2D,S1_Resting,3516.437415585372,167.04687523677399,124.77809812826015,5.358312387822224,1.189085543455642,10.11706628618003
ERR1633208,19.157865235431537,3.502860640761348e-07,7.40723948843395,T2D,S1_Resting,3106.005500687898,207.7976601730924,75.43260113345897,-2.4086791351444434,0.9623878966310365,8.858512839850526
ERR1633223,21.16366174868879,4.809222934521061,6.262987835173067,T2D,S1_Resting,3367.801445243625,73.39135275449802,47.81141119816698,-5.239896983933332,1.2617628545321622,8.786182182015496
ERR1633225,15.872028934027576,1e-10,6.499164699547743,T2D,S1_Resting,3809.369150562048,317.9037326363052,151.51644244876186,-9.0832302968,0.9202747349042352,7.599959393521021
ERR1633241,19.833934427452977,1e-10,7.594078366591221,T2D,S1_Resting,4336.992613288419,173.68825770738957,158.96780475638093,-0.11818637928888975,1.3107265204185972,10.796974469829303
ERR1633250,17.071504858130037,18.03219157083719,3.3867148427664797,T2D,S1_Resting,3595.9966854431,168.6364311858233,59.5109726733333,15.788545129947398,1.174749380224064,4.64886855385184
ERR1633271,26.513501766604197,1e-10,9.440046066151544,T2D,S1_Resting,2394.057606954877,207.42368533771076,209.90130808441768,-3.4609125406167567,0.9772924399488174,10.76804220669529
ERR1633272,16.432368241757995,1e-10,6.654020277812754,T2D,S1_Resting,2755.7983272395677,237.58477709518073,104.66528289133738,-8.942972262444446,0.86853406486215,7.57102713038701
ERR1633282,20.380006910062804,7.567344777801566e-10,7.74499115950403,T2D,S1_Resting,2241.024870427091,263.4913661864257,94.26287499331427,2.523143153657954,0.8012965182487368,9.003174155520583
ERR1633295,38.19606280881891,9.514524616306278e-09,12.668642948578338,T2D,S1_Resting,3543.334245208259,293.90142318164663,163.40159908923812,-8.36649439848,0.9353953405104805,11.983197258323779
ERR1633300,44.8538255073582,0.0001009949583199,14.508502084001568,T2D,S1_Resting,5668.031533042697,242.86966634225587,308.3207249713332,-5.530885016651608,1.4856753629687225,14.73176225605488
ERR1633305,19.10708365653295,1e-10,7.393205618792949,T2D,S1_Resting,2121.29856780276,91.03952958104419,89.13418029723812,-4.353001495555558,1.055278079151665,9.133369339623636
ERR1633312,44.30311263116966,1e-10,14.356389502238262,T2D,S1_Resting,3965.3542889135892,85.83158205220883,141.36333995142854,-4.024224950820669,1.455889165406866,14.558168677250809
ERR1633323,20.93431399460773,9.345708065255443e-06,7.898175508047278,T2D,S1_Resting,3973.855030739172,243.72656326590362,76.11243170676187,-5.2251890458442345,1.0012858024651634,9.856675917973925
ERR1633325,29.14190635163796,1.0866038048214489e-06,10.166432306187655,T2D,S1_Resting,3957.672203837025,319.46957252861523,238.63234169800006,3.3797848007129287,1.0660939228282704,11.708340758550667
ERR1633327,20.671468235200063,0.000385303567748,7.8253694853272515,T2D,S1_Resting,4683.093508454882,151.52530717875499,76.9042887464762,0.524885859688891,1.3228177030990547,11.230958416839476
ERR1633329,19.809057739387647,1e-10,7.587203435879545,T2D,S1_Resting,5451.47820952314,167.10932862851405,137.18516056342855,14.413415052212768,1.565903427826067,11.56367944288061
ERR1633339,30.90816236537294,1e-10,10.654556094115184,T2D,S1_Resting,5109.2549402632685,351.8569363063052,243.75393524457147,6.954279488030668,1.1850919134706144,12.518444126302992
ERR1633347,24.410796743663173,6.23976059919657e-08,8.8589416974315,T2D,S1_Resting,3338.959630696603,70.67642594779119,45.41403833133336,-3.208792093990045,1.27330469067874,11.549213311313604
ERR1633349,21.56525122833886,1e-10,8.07254571782352,T2D,S1_Resting,4353.204080488216,197.70379126637474,163.04074839009525,-1.8553820117777775,1.2509148892853494,11.042898706468401
ERR1633352,26.5872803031062,27.6494982139782,3.69656760461768,T2D,S1_Resting,1427.7168899486496,311.93134613670685,89.43884929183235,-1.943287779444443,0.6322271617884035,3.578374817893411
ERR1633372,30.86442115272154,0.0002378849168673,10.64232498825657,T2D,S1_Resting,3953.721133079459,246.95437450015854,183.55795721838098,-3.948543033097332,1.1036911411895913,12.127858573993835
ERR1633378,30.764461040367017,0.0010501890865715,10.61421412971807,T2D,S1_Resting,4256.784279913164,135.78786818574298,139.45231046933338,-2.6306041320000695,1.3596843240643373,13.328547494055316
ERR1633379,15.333612541787527,1e-10,6.350367746313459,T2D,S1_Resting,1007.7354123450104,222.25991140361447,123.45046806576282,10.108396169422223,0.734437822217705,6.934517341438756
ERR1633395,16.992283032640557,1e-10,6.80875853644473,T2D,S1_Resting,4527.0911176888,225.27224277461846,49.191856291980955,0.07131793491599847,1.1003737450907136,8.67045312947945
ERR1633398,17.420655794508313,1e-10,6.927143791301644,T2D,S1_Resting,5080.050360392461,208.8584823729059,70.28533400219052,-7.609965269006667,1.1896832671245092,9.278030655293694
ERR1633400,22.840043719687927,0.0543417283112698,8.399108658983428,T2D,S1_Resting,7095.084135014533,222.69165968634317,148.32728706038094,16.680832190755552,1.6900065973312515,12.69203770510706
ERR1633404,15.054275895859757,1e-10,6.27317016756254,T2D,S1_Resting,3370.24888211741,348.11149045461855,144.64661680400002,16.86110269328889,0.9232095732237802,7.325102893747912
ERR1633407,25.110537945222838,39.800466971959736,2.7900664089177534,T2D,S1_Resting,2692.090686751444,68.08184104016065,183.09543469247615,1.6559726986592676,1.3602061981516107,4.981589579892973
ERR1633425,20.99582094013386,19.77639022093516,3.741945322916216,T2D,S1_Resting,2370.118824052972,95.53904535682733,48.92383164123807,-0.2627880748888902,1.063210407460498,4.735665343253875
ERR1633426,17.006239395374568,7.83251306958768e-09,6.812615519039419,T2D,S1_Resting,-242.32333318407643,-54.40448824097459,22.5314750819048,27.278962790199998,1.0403154794902971,8.540257945376398
ERR1633427,17.926417294144926,1.4571503328150601e-10,7.066916226323957,T2D,S1_Resting,5460.168114194077,224.68233643253006,316.94725136552375,-4.948640911568887,1.5141821972179486,10.753576075128287
ERR1633437,15.910400536883603,17.221967750133203,3.3024313914730934,T2D,S1_Resting,2553.7420162672997,208.35499813694778,58.88933848380948,0.9871083688444457,0.8864465969863402,3.4192473706563473
ERR1633442,21.614597503998404,18.028528332295352,4.009631917251608,T2D,S1_Resting,2065.375744079936,527.5604166321285,148.29954890371428,-7.791235409466665,0.5478788705342481,4.3016813962437
ERR1633455,63.70211639469376,16.55872483069809,10.196235657776755,T2D,S2_Active,8175.001249199563,192.92595186344292,209.61289683992453,5.923169405806593,1.9737148795792099,14.717296124487872
ERR1633458,17.754577235606032,1e-10,7.019426444227984,T2D,S1_Resting,4071.750247996073,182.52870452811246,134.04572670942855,-7.885191973822223,1.1793401615253092,9.321429049994713
ERR1633459,24.350393903696023,1.246984823315049e-07,8.842248715237421,T2D,S1_Resting,4165.296330196815,89.05904425745379,178.87766524666662,16.585696176933332,1.6712236952856607,12.764368362942092
ERR1633470,16.762257952573147,1e-10,6.7451887202675085,T2D,S1_Resting,1564.2307103643316,91.74197764698793,66.39209457628564,-6.787357451082222,0.9282275479619368,7.831417498593115
ERR1633472,16.894203394914626,1e-10,6.781653211498691,T2D,S1_Resting,3241.679157314437,474.6829054811245,16.873993070476217,-5.922100417511112,0.6161256566577665,7.339569025314918
ERR1633479,17.979968009281787,0.3075337398333129,6.960991966873201,T2D,S1_Resting,4689.219882126879,81.44791442277108,82.88321954952387,10.820923264577777,1.6159511443871195,10.782508338262296
ERR1633483,16.91903694151267,1e-10,6.788516219618517,T2D,S1_Resting,3133.99151449533,49.95516920413655,32.79346312361599,-1.1837264624644455,1.2971117255739615,9.581819418200817
ERR1633484,27.162560195042893,1e-10,9.61942009341863,T2D,S1_Resting,3444.571123067728,176.8107150341873,54.569209767154305,22.132956781088893,1.157302426544236,11.578145574447616
ERR1633485,17.474523003289587,1e-10,6.942030553037372,T2D,S1_Resting,2715.1594523436315,47.9912964125173,143.89783183723807,-7.308880507444445,1.3305029733944043,9.957938838942965
ERR1633487,19.013539078464408,1e-10,7.367353604610624,T2D,S1_Resting,2632.2927653765173,265.6612987904586,58.43133250209527,-7.570424288222222,0.7831917253228727,8.250935314036283
ERR1633495,20.290953214927555,1e-10,7.720380247676455,T2D,S1_Resting,6414.297126983545,536.3971395033734,126.70692209599997,2.203059344711111,0.9472386586185243,9.26356452372669
ERR1633501,20.12821571151869,1e-10,7.675406051063591,T2D,S1_Resting,6850.444600596118,224.08751891903853,182.47265532476194,12.2466373836,1.669899630825816,11.910866600488749
ERR1633504,19.790677375177093,2.3908992273598865e-10,7.582123831570863,T2D,S1_Resting,5748.46581981985,102.28197257710843,143.45682283199994,-0.8721656124444452,1.740277640316514,11.983197258323779
ERR1633505,19.471596110702333,9.759423810749953e-05,7.493901171494696,T2D,S1_Resting,5952.088816647771,89.41382091004016,47.85426680876189,-1.3335068405549322,1.664846472110032,11.621543969148632
ERR1633511,20.31430389153588,1e-10,7.726833449297643,T2D,S1_Resting,1804.4499946053077,73.88597049076309,-2.8466216466666907,7.096149689488742,0.99772307644914,9.567353286633809
ERR1633512,38.50916619177001,1e-10,12.75517232198398,T2D,S1_Resting,4266.127529267304,15.912264692369504,140.55456124952377,7.919786437911112,1.8910244065176893,15.426136571271154
ERR1633521,17.58132994753097,1e-10,6.971547759638869,T2D,S1_Resting,1794.451798417198,149.63556866864315,-17.413110542852024,-10.865191595111115,0.7695384264449786,7.8169513670261095
ERR1633524,18.20101644912604,2.0988230163689397e-05,7.1427960961902,T2D,S1_Resting,3071.1040104993635,96.19548339381527,155.79433434295234,-7.649059149777778,1.2608082271951029,9.84220978640692
ERR1633526,19.3596370405118,1e-10,7.463001365368781,T2D,S1_Resting,4591.079733347024,105.08573397550204,103.38953477173492,-5.712534677663333,1.4394854253329172,10.91270352236535
