"cell_id","condition","workload_group","CWI","DIABLO_comp1","DIABLO_comp2"
"cell_1","T2D","Low",0.580768751688229,-1.09828421876615,0.157152286126908
"cell_2","T2D","High",0.809810090187519,1.27561241075335,-0.54584037669637
"cell_3","ND","Low",0.260300828688444,-0.631159731240018,-1.56186418271691
"cell_4","T2D","High",0.83800379971195,1.72897076018362,-0.230734662325329
"cell_5","T2D","High",1,1.43511158578234,-0.72593316478892
"cell_6","ND","Low",0.29322525540705,-0.946283504242794,0.296121066215218
"cell_7","T2D","High",0.652311849157387,-0.193120447320847,0.973117016549376
"cell_8","ND","Low",0.509312787890173,1.82556266498501,0.506252982361427
"cell_9","T2D","High",0.596480776034779,-0.223759162785179,1.5297389056829
"cell_10","T2D","High",0.723343208022744,0.562956002037612,0.238319590939033
"cell_11","ND","High",0.67455108233428,0.734691152209481,2.32726656663307
"cell_12","T2D","High",0.993909002794023,-0.35791957285754,0.580307233252055
"cell_13","T2D","High",0.876769333005419,1.98238600340939,-0.539570804898889
"cell_14","ND","Low",0.129688867386507,-1.40078035270152,0.513922132751322
"cell_15","ND","Low",0.489200652634767,-0.602362518958172,0.31143747352523
"cell_16","T2D","High",1,0.13642707587046,-0.494758183121576
"cell_17","T2D","High",0.962639007482321,1.18725524971718,-1.14501548887365
"cell_18","ND","Low",0.461836705179144,0.939896676570137,0.0993627562834907
"cell_19","ND","Low",0,-2.97494011498259,-0.374150414400681
"cell_20","ND","Low",0.512193327760223,0.205860726600206,1.45777360281583
"cell_21","T2D","High",0.914750339496716,-0.145917033386082,0.37791529379509
"cell_22","ND","Low",0.50916071594502,0.808127900113573,-2.19576444059042
"cell_23","T2D","High",0.831482508035175,0.170194096773074,0.470876648756098
"cell_24","T2D","High",0.886313074573754,0.0713165768990989,0.843291085237659
"cell_25","ND","Low",0.420690052789958,-2.39531210255531,-0.382666378552176
"cell_26","ND","High",0.76199564515031,-1.19047089094524,1.93545633128153
"cell_27","ND","High",0.594078679974789,0.157692744379563,-0.12581889128862
"cell_28","T2D","Low",0.55146594588508,-1.18619580489748,-1.85660413983626
"cell_29","ND","High",0.776315091277107,0.622434260560917,2.03079845882648
"cell_30","T2D","High",1,2.74497569530386,-1.2800976428862
"cell_31","T2D","High",0.964814792736376,3.3331949882839,-0.256781945565116
"cell_32","T2D","Low",0.467474119562881,-0.501223372778513,0.515257619168014
"cell_33","ND","Low",0.386138731278904,-0.0547405124463092,0.0363371109644993
"cell_34","T2D","High",0.927102763457905,1.02598896237091,2.01920537746993
"cell_35","ND","Low",0.508744401515572,0.59502493899564,-1.03776824771586
"cell_36","T2D","High",0.869602460732261,1.75127409560504,0.15269665441676
"cell_37","ND","High",0.991918709774083,0.522178411153974,-0.670712810349447
"cell_38","ND","Low",0.336323935120066,0.311792119804524,0.541328122435691
"cell_39","T2D","Low",0.377359977014173,-1.14041992913692,-1.20223712249203
"cell_40","T2D","High",0.854739054486083,1.58422805528298,-0.183837037147855
"cell_41","ND","Low",0.362480631751318,-1.07329159896967,1.28361360569349
"cell_42","ND","Low",0.589208210592373,1.51472885138648,-0.984714976282167
"cell_43","ND","Low",0.337523055241881,-0.656451895532594,0.0328178874724292
"cell_44","T2D","High",1,0.0517584420876163,-0.296039897508706
"cell_45","ND","Low",0.475258805684514,-0.817464009692444,0.939658491955198
"cell_46","T2D","High",0.70453289879399,-2.37237906020102,2.01549008172301
"cell_47","T2D","High",0.766747701702678,0.222125894826554,-0.247180685746002
"cell_48","T2D","High",0.972512676725286,-0.329259714933964,2.22009089282131
"cell_49","T2D","High",0.819468097040564,1.18588522319737,1.72208835898527
"cell_50","T2D","Low",0.474876652157742,-0.77233523783471,1.88945552356867
"cell_51","ND","Low",0.499075846434708,-0.728446294686778,-1.20440248566481
"cell_52","ND","High",0.652048433532411,-0.220216939520553,0.623367279682371
"cell_53","ND","Low",0.507798182574512,-1.94567121953234,0.59090573338384
"cell_54","T2D","High",0.947014428322888,0.5495106223391,0.801008690364478
"cell_55","ND","Low",0.470705474600226,0.390049085435057,-2.42236103328274
"cell_56","T2D","High",0.788422532923744,-0.612953993930961,0.0444623543131942
"cell_57","T2D","High",0.896473893220907,-0.439442664937954,0.33732472102868
"cell_58","ND","High",0.698588727355147,3.00103990842805,-1.69847423517479
"cell_59","ND","Low",0.250720900393592,-0.649735939688181,-0.943834384871984
"cell_60","ND","Low",0.493302495030878,0.306286499087361,-0.599686355378427
"cell_61","T2D","High",0.785807563750001,1.07709233992383,-0.660783300340414
"cell_62","T2D","High",0.64821586925381,0.496384579666646,0.259545831739014
"cell_63","T2D","High",0.593128127812169,1.33932390488584,-2.24328260799193
"cell_64","ND","Low",0.373853609205836,-1.05685446757388,-0.305569923779389
"cell_65","T2D","High",0.917361544002599,1.59135810439867,0.056684954318099
"cell_66","ND","Low",0.41673546876327,0.754617438822829,0.623345354102009
"cell_67","ND","Low",0.343022438098936,-1.57527168678149,-1.62004394083825
"cell_68","T2D","High",0.832683263897219,-0.258727488195847,-0.822961422092481
"cell_69","T2D","Low",0.55265715297813,0.47178365324962,0.645702472613293
"cell_70","ND","High",0.709174755247334,-0.644427012927506,0.271599210706338
"cell_71","ND","Low",0.403080916756258,1.24686709606092,-0.737547305360413
"cell_72","ND","Low",0.537825762336133,-0.189517275755872,-3.27684532890609
"cell_73","ND","Low",0.510201266314995,0.270621636187305,-1.16753764036087
"cell_74","ND","Low",0.499951866222712,-1.03195947493852,-0.356240250230102
"cell_75","ND","High",0.861876408488573,1.42458275758649,1.87787732112322
"cell_76","T2D","High",0.634934408578011,-0.455151780614576,0.882204332501806
"cell_77","ND","High",0.729094090445597,-0.243021057823769,0.802536422149956
"cell_78","ND","Low",0.506314637510649,-1.00910721315486,0.843489471141113
"cell_79","ND","Low",0.332958838938656,-0.499163597778228,0.981725098681541
"cell_80","ND","Low",0.486247270196698,-0.733055361273564,-0.0650004300302
"cell_81","ND","High",0.649354337402493,-0.404656568916736,-1.09569085691957
"cell_82","ND","Low",0.414896253121079,0.784593339777433,1.60868384931544
"cell_83","ND","Low",0.345583552961309,-0.43796917735633,0.627229005847777
"cell_84","T2D","High",0.830552821349579,2.19955450841546,0.291722256880258
"cell_85","T2D","High",0.99771936903576,2.22607431499827,-0.124198651709859
"cell_86","ND","Low",0.485308333065565,0.592418355335981,-2.1943972270081
"cell_87","ND","Low",0.222594689288052,-0.893908770005201,-0.662285459962049
"cell_88","ND","Low",0.238664819124927,1.71089906513052,-0.293066969051123
"cell_89","ND","Low",0.346320934984412,-1.64413519456864,-0.443921942167252
"cell_90","ND","Low",0.394578374925108,-1.0517353701727,-0.633963548057362
"cell_91","T2D","High",0.795714586991675,-0.0322946922701544,0.355133168195532
"cell_92","ND","High",0.634099614199256,0.0893069981979254,-2.36593726285431
"cell_93","ND","Low",0.413076592285519,-0.60129379544354,-0.813040925914839
"cell_94","T2D","Low",0.577224043337431,-0.419463739438654,1.56635126931541
"cell_95","T2D","High",0.9214211989757,-0.0728467539488366,2.15262131259119
"cell_96","T2D","High",0.855091393747918,1.9084417903064,1.21624290041194
"cell_97","ND","High",0.731469413882947,1.38876247398697,0.890291143215312
"cell_98","ND","Low",0.163503828104349,-1.93207791635761,0.856260858791107
"cell_99","T2D","High",0.817463817778975,0.549892377446817,-1.02751689177216
"cell_100","T2D","High",1,2.03977284065116,0.480926370549783
"cell_101","T2D","High",0.944834760136674,0.778400748504533,0.188503343836734
"cell_102","ND","Low",0.333489434847158,-0.761560207560422,-0.832712855871473
"cell_103","ND","High",0.646505697353683,-0.0909381081109607,0.465449748980518
"cell_104","ND","Low",0.325614626000557,-2.49758628447686,-0.429346418519735
"cell_105","T2D","High",0.709320497754041,0.725431420628371,2.45460861590518
"cell_106","T2D","High",1,1.02607049257296,-1.21817492541914
"cell_107","T2D","High",0.741970937641984,0.533079172196457,0.199320885870175
"cell_108","T2D","High",0.965709228993087,-0.477890398649218,2.24140381534722
"cell_109","ND","Low",0.441754458244166,-1.77759221299329,-1.08619138902696
"cell_110","ND","Low",0.184727519050419,-0.502237018592727,-0.0032819833814654
"cell_111","T2D","High",0.630236860610216,0.525727337297264,1.74339196528003
"cell_112","T2D","Low",0.582296027608561,-0.675183584396402,0.579201457606524
"cell_113","T2D","High",0.703141885776565,-0.912732170198218,1.5856701574625
"cell_114","ND","Low",0.432737758198085,-1.59714134507343,-0.194669146820073
"cell_115","ND","Low",0.469328421867671,0.313728557239984,0.423188348746435
"cell_116","ND","Low",0.451350554285031,-0.426738050503138,-0.712228420095957
"cell_117","ND","High",0.878440408320022,1.71143941026231,-2.14667096895683
"cell_118","ND","Low",0.222800332542916,-2.61391422027673,-0.525531716490086
"cell_119","T2D","High",0.717035139858444,1.31206508746524,0.396517536023589
"cell_120","T2D","High",0.869816305621366,1.64026088487907,0.380824013308574
"cell_121","ND","High",0.825688453163081,0.853329179309267,2.42387442787647
"cell_122","ND","Low",0.517704379142723,-0.510802435008353,2.64294504634567
"cell_123","ND","High",0.747830141680113,1.35373148536022,-0.510105712013595
"cell_124","ND","Low",0.171088892849259,-1.44966426769866,-1.13103061696742
"cell_125","T2D","High",1,0.561386298644594,0.268987353808601
"cell_126","ND","Low",0.361887965666963,-1.36004510195242,-1.19460517300876
"cell_127","T2D","High",0.74471378290923,0.0103703356388343,0.268345465227009
"cell_128","T2D","Low",0.578116248020113,0.497162090172935,-0.369026020181968
"cell_129","ND","Low",0.52677386328589,-0.483308283571625,0.0296650393962382
"cell_130","T2D","High",1,-0.0949215901035129,0.108965829059765
"cell_131","T2D","High",1,1.22221617691315,1.31042991520715
"cell_132","T2D","Low",0.584634219576318,-0.320487595945918,-0.758696322811435
"cell_133","T2D","High",0.89718822208062,3.07453952307705,1.29245940577241
"cell_134","T2D","High",1,0.377788789690851,0.568900229097041
"cell_135","T2D","High",0.760868636543091,-0.797113219456823,1.88407112049153
"cell_136","ND","Low",0.456365040458758,0.606114617281562,-1.63648102214356
"cell_137","T2D","High",0.739044409090711,0.458402933583377,-0.889816001701815
"cell_138","ND","High",0.619566544822289,-0.657880773247981,-0.0186413670497128
"cell_139","T2D","High",1,0.146521562694975,-0.263604320540367
"cell_140","T2D","High",0.937523952247993,1.55166418273597,0.856738851186551
"cell_141","ND","Low",0.564037602859394,1.93955011454503,0.1083801037517
"cell_142","ND","Low",0.439626014844548,1.04895149595713,0.0931735871254208
"cell_143","ND","High",0.59966973711159,1.62525236143994,-0.573384242916221
"cell_144","T2D","High",0.690092616416649,-0.636444178326546,1.60230782675808
"cell_145","T2D","High",0.744148699272551,1.39732229260444,-1.50348896611304
"cell_146","T2D","High",1,1.1018659188717,0.416641653313169
"cell_147","ND","Low",0.588402617635762,0.710012288653906,-0.680720178786249
"cell_148","T2D","High",0.848203258805222,0.400396407899289,-0.885604974333358
"cell_149","ND","Low",0.448878468928896,-1.76858088050973,-1.24435280336125
"cell_150","ND","High",0.686206580296976,1.32546157021138,-1.75681102072977
"cell_151","T2D","High",1,1.45878838099501,1.21222565347796
"cell_152","ND","Low",0.326145647224912,0.200171989354142,0.810474092190955
"cell_153","T2D","High",0.811097390933021,0.886741232725156,-0.0323838082018547
"cell_154","ND","Low",0.509813382638384,0.479347511979829,-0.103853434898213
"cell_155","T2D","High",0.684328854327821,-0.589025502619237,-0.238731401294587
"cell_156","T2D","High",0.600252268800799,0.967281388533761,1.33784773343848
"cell_157","ND","Low",0.49951344399868,-0.355019906043799,-0.258627326927266
"cell_158","ND","High",0.631102376562594,0.226506190710876,1.16637575692338
"cell_159","ND","High",0.795368455795311,-0.124810235019533,-0.285512662424726
"cell_160","T2D","Low",0.418169442344157,-1.72839456649777,-0.334259746762092
"cell_161","T2D","High",0.659512105337518,1.21994725194021,1.81570279852616
"cell_162","ND","Low",0.437713956397616,-0.193055749823599,-2.4980316091285
"cell_163","T2D","Low",0.467368593866525,0.0754924239801981,0.531760058118789
"cell_164","ND","Low",0.349893311641542,0.82251256213351,-0.205148041403741
"cell_165","ND","Low",0.344529648163698,-3.02670737354121,0.944467239849208
"cell_166","ND","Low",0.355486060028079,-0.643367457117557,-0.334460784738601
"cell_167","ND","Low",0.0622330801705864,-1.52220852715675,-0.958912319013764
"cell_168","ND","Low",0.542683710057311,-2.18658343516271,-0.587256885234656
"cell_169","ND","Low",0.373615412749034,-0.0779747684490747,-0.505108831823574
"cell_170","ND","High",0.804098238766433,-0.166357541606518,1.68619253970845
"cell_171","T2D","High",0.959191189883016,0.604824785644773,1.30558395027337
"cell_172","ND","Low",0.20929408697344,0.127805911006969,0.988350642682114
"cell_173","ND","Low",0.519679084201168,0.361651467048459,-0.707839107551314
"cell_174","ND","Low",0.381245803153369,-1.26887908307845,-1.1870525214753
"cell_175","ND","High",0.677656233726903,2.36039862410369,-2.25817314846093
"cell_176","ND","Low",0.510614083099733,-1.46644429265299,-0.809856164418869
"cell_177","T2D","High",0.688595274831069,0.489303568595178,1.80608262259246
"cell_178","ND","Low",0.587679407234544,-0.535732747617386,-0.742305831090407
"cell_179","T2D","High",0.830521631728484,1.46814328854457,-0.403016974465272
"cell_180","T2D","High",0.767076483650087,0.569426968595732,-0.956563921921667
"cell_181","T2D","High",1,1.36320313496533,0.331273488892279
"cell_182","T2D","High",0.694122822736548,1.50774584870392,0.429491189633705
"cell_183","ND","Low",0.405842605403192,-0.805197533903001,-0.206773451351152
"cell_184","ND","Low",0.190812615196495,-0.795191211824105,0.0282405895483223
"cell_185","T2D","High",0.791894655340964,-0.445074406581245,0.0411088529062769
"cell_186","T2D","High",0.978071261094135,1.88851848964821,0.248506126435045
"cell_187","T2D","Low",0.385722429814157,-1.05266507737511,-1.60518113192526
"cell_188","T2D","High",0.749986975985396,0.444426950980816,0.424738653233779
"cell_189","ND","Low",0.263669914669336,-1.86576779010569,0.627936473128524
"cell_190","ND","High",0.788387453003381,0.224073959130335,-0.216279133525089
"cell_191","ND","High",0.771579107775772,0.99940534916278,-1.1121797166233
"cell_192","T2D","High",0.86690056946813,0.964131361157383,1.32005368902216
"cell_193","ND","High",0.785867616080046,0.436012144384878,1.49167224790554
"cell_194","ND","Low",0.326536429824263,-1.6052063603793,-2.51009928704354
"cell_195","ND","High",0.690130344994377,0.377201726925708,-1.37438275670808
"cell_196","ND","Low",0.382997698273353,-1.57775989454264,-0.493282845105457
"cell_197","ND","Low",0.564191504505126,-0.950418099610255,-0.197223810391234
"cell_198","ND","Low",0.440120796667018,-0.19009490015911,-2.42930033738589
"cell_199","T2D","High",0.744291383341386,0.321567837376099,1.75951512796129
"cell_200","T2D","High",0.909223031665906,0.460008463269325,1.13854697279454
"cell_201","T2D","Low",0.539235769271026,-0.0258332494832127,1.82317424967811
"cell_202","ND","Low",0.449817106991508,-1.47149403167461,-1.92441900918795
"cell_203","T2D","High",0.834201474743582,0.724441035742818,0.580154262062084
"cell_204","ND","Low",0.419306504250498,-1.93482411549207,-0.0776013363577492
"cell_205","ND","Low",0.520931888167145,0.526283289989548,0.139886500259256
"cell_206","ND","Low",0.436223842653198,-0.213787705946586,-0.190666823314594
"cell_207","T2D","High",1,1.25460298948462,0.435044697685056
"cell_208","ND","High",0.642837720297723,-0.611794795530207,-0.8981496656731
"cell_209","ND","High",1,1.28840291766874,1.13205737093363
"cell_210","ND","Low",0.340984479088158,-1.87868140748628,0.155710027490731
"cell_211","ND","High",0.662873182935983,1.54532994055032,1.36071663291644
"cell_212","T2D","High",1,1.67889397164622,1.1417456673693
"cell_213","ND","Low",0.560196011030514,-0.611327749135981,0.343878579876297
"cell_214","ND","Low",0.283384971632154,-0.185815909180978,-0.614799810280905
"cell_215","ND","Low",0.298735499639343,-1.356266237455,-1.66147889533319
"cell_216","T2D","High",0.792917087016478,0.3194341176366,0.468209386730072
"cell_217","ND","High",0.761824872170683,-1.33321601086141,-0.175431265751075
"cell_218","ND","High",0.650080097329344,0.813679126918518,0.458851232187891
"cell_219","ND","Low",0.072326334477516,0.723998379097869,1.30053081468788
"cell_220","T2D","High",0.659929178226673,1.66500901959235,0.737664867426081
"cell_221","ND","Low",0.498188704941403,-0.0918219577232441,-0.362318713911787
"cell_222","ND","Low",0.208373302551046,-0.698283143836069,-0.871536256381977
"cell_223","ND","High",0.638905929298974,-0.186278446136714,0.844608832379057
"cell_224","T2D","Low",0.307732904962702,-0.27084778799324,-0.569011140142899
"cell_225","ND","Low",0.528657952808091,0.558437141665446,-1.10047555456919
"cell_226","T2D","High",0.721755576174589,0.732864362774907,0.825511912088098
"cell_227","ND","Low",0.401767182877185,-1.57787132673998,0.548983660860153
"cell_228","ND","Low",0.44327050950959,0.161301179668216,-1.46642278358137
"cell_229","ND","Low",0.562958960941568,-0.218684194067248,-2.56528820099391
"cell_230","ND","Low",0.579265315587798,-0.324016263898303,-1.47088386023568
"cell_231","ND","Low",0.454879257792808,0.169360422176159,-0.782370661877868
"cell_232","ND","Low",0.115009913931888,-2.11554248666318,-0.490983336855424
"cell_233","ND","Low",0.212154140335604,-0.37984760206213,-0.429679097778428
"cell_234","ND","Low",0.20606844520552,0.598962164370848,-1.70971233346164
"cell_235","T2D","High",0.952372689378386,1.4862314107272,0.203773917812479
"cell_236","T2D","High",0.751277003625744,0.132244798595382,0.459256358896783
"cell_237","ND","Low",0.553935321483602,0.0552072952486178,-2.09735860348321
"cell_238","T2D","Low",0.488214495808837,-1.5085165805922,0.464335441632308
"cell_239","ND","Low",0.392882398660737,-1.8799292980938,-1.77446323933449
"cell_240","ND","High",0.612490394634699,1.02644378579323,1.24898193780027
"cell_241","ND","Low",0.464334775316016,-0.295126504352924,-1.06766363042757
"cell_242","ND","Low",0.47697280275947,-2.05110129258476,0.569855770986854
"cell_243","ND","Low",0.485587705578727,0.857153011255012,-0.451385916950114
"cell_244","ND","High",0.742181961385261,1.74460659482745,-0.648653637540909
"cell_245","ND","Low",0.377020619840059,-0.286984284960494,-1.20616704499105
"cell_246","ND","High",0.63522529166294,-2.17309214316043,0.443282649600735
"cell_247","ND","High",0.67971992110751,0.789457403866863,-0.0520320602817222
"cell_248","ND","Low",0.262136419295796,-0.761713087014388,-1.7170989490445
"cell_249","ND","Low",0.524251769963802,-1.13532937591756,-1.41241800907395
"cell_250","T2D","High",0.797755662773918,0.600359249274903,1.24398637958573
"cell_251","ND","High",0.705828143862752,2.67122130287691,0.85904139128906
"cell_252","ND","High",0.682954973543923,2.1469634247683,-0.463225212557034
"cell_253","ND","Low",0.499508746664087,0.286145260718318,-0.260910694606046
"cell_254","ND","Low",0.527201910482745,0.427264639976016,-1.29545260492557
"cell_255","ND","Low",0.355969291011375,-0.0611173541957671,-0.522036734672592
"cell_256","T2D","High",0.760375133989757,1.12502843615341,1.9011361930064
"cell_257","ND","Low",0.294158238790345,0.843805969744826,-0.49296394606324
"cell_258","ND","Low",0.306608820829477,-0.081301067663751,-1.10145624789709
"cell_259","ND","Low",0.255837382216181,-1.39421127636824,-1.6471457049483
"cell_260","T2D","High",0.967241540788967,1.10936665978747,1.39338894955476
"cell_261","T2D","High",1,0.433870587194881,0.347599544179193
"cell_262","ND","Low",0.417411029414582,-1.94161605763496,1.04759137034012
"cell_263","ND","Low",0.274204520398634,-1.61066906569608,-0.568592402058884
"cell_264","T2D","High",0.78241373364459,0.663540583150546,1.01165793316291
"cell_265","ND","High",0.948380738662525,0.653282649374091,-1.62170905230997
"cell_266","ND","High",0.908262634150098,-0.327768416258687,-0.418873593400167
"cell_267","T2D","Low",0.456039932655709,0.222302449388802,-0.248942706033688
"cell_268","ND","Low",0.428618668775523,0.497323714959483,-1.7246932723225
"cell_269","T2D","High",1,3.88808814995629,-0.61214139184341
"cell_270","T2D","High",0.792351180677953,0.182929430784005,0.698305576746279
"cell_271","ND","High",0.819482648465285,-0.261365590083397,0.439721404471003
"cell_272","T2D","High",0.733282921338023,1.21163332797753,1.54389731264204
"cell_273","ND","High",0.620997184783076,0.493289833155258,1.12355609360996
"cell_274","ND","Low",0.54484824785005,0.474157736389454,-1.01491611148204
"cell_275","T2D","High",1,1.86609571134677,3.53277638303419
"cell_276","ND","High",0.684090513354504,1.62131831125798,-0.685635292190707
"cell_277","ND","Low",0.258692186156816,-2.88224411669674,0.341829769463194
"cell_278","ND","Low",0.379223766167346,-0.6558102482154,1.15176861315947
"cell_279","ND","Low",0.574047056924412,-0.737706373494103,-0.281646440597061
"cell_280","ND","Low",0.119799870664079,-3.4171299730974,0.2142508802126
"cell_281","ND","Low",0.139118011007352,-1.57887574244399,-2.25278694334764
"cell_282","ND","Low",0.275635478728956,-1.6598280596094,1.20639794846658
"cell_283","ND","Low",0.430414078688172,0.331678143804692,-0.720599439761037
"cell_284","T2D","High",1,3.55710064742155,-1.92114649895604
"cell_285","ND","Low",0.445160487029544,-1.82613998588812,-1.24324771895891
"cell_286","ND","Low",0.532476143111639,-0.71318764309767,-1.53089047779716
"cell_287","ND","Low",0.487078618049387,-2.41539273747429,-1.05007096853151
"cell_288","ND","Low",0.358952580594971,-0.199072197789058,-0.912206368852348
"cell_289","ND","High",0.772439453750198,0.26188257856499,0.221581080846371
"cell_290","ND","Low",0.280697362383337,-2.26598598423011,-0.441664677502429
"cell_291","T2D","High",0.754313296290622,-1.37658890269297,1.86810769880165
"cell_292","T2D","High",0.730434383877946,-0.970633906778182,0.185038611662879
"cell_293","ND","High",0.606425723901347,0.130377213739727,0.314530439018906
"cell_294","ND","High",0.821446912452237,0.589446360460701,1.57516146916712
"cell_295","ND","High",0.602762905223319,1.74177036360066,-0.279905440773559
"cell_296","ND","High",0.776474632114606,2.10851240985317,-1.50277485019805
"cell_297","T2D","High",0.952619409709981,3.0929280757753,-0.259427513719442
"cell_298","T2D","High",0.675083091073178,0.842565648579522,1.22139858846721
"cell_299","ND","Low",0.516308760085797,-0.346784692525845,1.72082666079683
"cell_300","ND","High",0.775215822272954,1.22429113580549,0.139929956135878
"cell_301","ND","Low",0.187746842768592,-1.57503380952527,1.0890245475994
"cell_302","ND","Low",0.56495413211894,-0.808496731377527,-1.49422452564714
"cell_303","ND","Low",0.468641936609552,-0.886910930299544,-3.33777662822598
"cell_304","ND","High",0.67555677214687,-0.99828193740588,2.2238430909173
"cell_305","T2D","High",0.950033315036128,1.05951014888201,1.33160461047893
"cell_306","T2D","High",0.860210680768566,1.32097829627961,-1.52594510348932
"cell_307","ND","High",0.798562223445862,1.24417161944241,-0.736775363055461
"cell_308","ND","Low",0.19490123996606,-3.02083183158084,-0.762217100536297
"cell_309","ND","High",0.682143511697204,-0.249666313502239,1.07270387673993
"cell_310","ND","Low",0.184093594428492,-2.42308973708564,0.641687665814743
"cell_311","ND","High",0.617543251423716,1.30161714296548,-0.891310760407657
"cell_312","T2D","High",0.817928459200145,-0.215895115812627,0.830546374418962
"cell_313","ND","High",0.693452331389968,0.15762010135514,0.136451614984207
"cell_314","ND","Low",0.515762470582965,0.149659082360351,-2.54698585775804
"cell_315","ND","Low",0.186260032702782,-0.340562370571425,0.0640167912695241
"cell_316","T2D","Low",0.398435363196782,0.594307340325377,-1.63045383134397
"cell_317","ND","High",0.608194704847753,-0.941302083011557,-0.105488662267916
"cell_318","T2D","High",0.785324680378315,0.764582331482931,0.633636675257158
"cell_319","T2D","High",0.685796321288384,1.87617184071543,0.72391105592014
"cell_320","T2D","High",0.737786308029272,-1.52325330262445,0.104927259263218
"cell_321","ND","Low",0.365716986579727,-0.23564655279327,-2.06390061567864
"cell_322","ND","Low",0.468531909583804,-1.07711985200703,0.250871554314556
"cell_323","ND","Low",0.313738985800026,-1.46859055700244,-0.385728206039092
"cell_324","ND","Low",0.103398104105974,-2.5060378837624,0.26705864923232
"cell_325","ND","Low",0.456080039150124,0.210564671789363,-1.7320856261849
"cell_326","T2D","High",1,1.6469845623698,-0.310837660067065
"cell_327","ND","High",0.875465913259934,0.815011261805489,-2.11346818129556
"cell_328","T2D","High",0.800521239191433,-0.313641466532846,-0.00110376634210754
"cell_329","T2D","High",0.783866013058167,0.155205210609656,1.34618743261599
"cell_330","T2D","High",0.992596456247974,0.408811774038491,0.719161111109937
"cell_331","T2D","High",0.810714203309304,-0.334420632194939,0.183584238062916
"cell_332","ND","Low",0.413020318217993,-0.631499352864618,1.01046560849808
"cell_333","ND","Low",0.152540548931538,-1.87144171467441,-3.95847515188153
"cell_334","ND","Low",0.247260880043513,-2.43440364717618,-1.59447964604428
"cell_335","T2D","High",0.881261702413855,1.70932661631743,-0.241734967935533
"cell_336","ND","Low",0.208069206444048,0.448928925376002,-2.14488222801285
"cell_337","ND","High",0.70969147403094,-0.122228258103411,1.5704089682279
"cell_338","ND","Low",0.230713892109959,-0.550326375354303,-0.385375546452577
"cell_339","T2D","High",0.761285888377301,0.699760101508305,0.377688076382259
"cell_340","ND","Low",0.499532808577265,0.708444972232604,-1.40815416167457
"cell_341","ND","Low",0.497434053226562,-0.907340243733621,0.56623293778057
"cell_342","ND","Low",0.53038946439688,1.2911704533349,-1.58754278327887
"cell_343","T2D","High",0.919702226280216,1.41295044236839,0.807102958753256
"cell_344","ND","Low",0.474757512540344,1.10035313462666,-1.37732757232391
"cell_345","ND","Low",0.450292886830645,1.33167380206798,-0.899208865243882
"cell_346","ND","Low",0.532065478980924,-0.228243573784944,-0.789415896408803
"cell_347","T2D","High",0.713271611680546,0.441494453238824,0.621136872342746
"cell_348","ND","High",0.807482483820054,1.13650650840685,-0.853112765365115
"cell_349","T2D","Low",0.365950684676785,-0.934103746514521,-1.07898449060323
"cell_350","T2D","High",1,2.58779030079938,-1.6547583936753
"cell_351","ND","Low",0.450303413362013,0.256704339218352,-1.09244005810358
"cell_352","ND","Low",0.584464077166479,-0.476982521779866,0.126508113664042
"cell_353","ND","High",0.697530658727935,-0.258947845669235,-0.199123051418263
"cell_354","ND","High",0.667113634407005,0.625639919501304,-0.0681965302636838
"cell_355","T2D","High",0.667895628190859,0.183424109150731,0.0650698029206518
"cell_356","ND","High",0.812813898658367,0.616760032699421,-1.54745812943041
"cell_357","T2D","Low",0.475404812941691,0.216044160157216,-0.965425526569618
"cell_358","T2D","High",0.972779274695798,0.475460898986648,-2.15884818720057
"cell_359","ND","Low",0.39767944531276,-0.617236263423214,-0.328280616633481
"cell_360","ND","Low",0.11652699491092,-1.56766174817075,0.841786975238181
"cell_361","ND","Low",0.12683723027601,-0.00576907304684669,-1.65580470016446
"cell_362","T2D","High",0.849035812687938,0.745559217435453,0.965906008223825
"cell_363","ND","High",0.944706860381613,0.0872787408674188,-0.125363047783518
"cell_364","T2D","High",0.854675212828893,1.86491775642091,-0.0123209297153231
"cell_365","T2D","High",1,2.70283108796882,1.09803842813248
"cell_366","ND","High",0.66773387481202,-0.142605318234102,2.00603995606235
"cell_367","T2D","High",0.669076944424359,-1.37057908843308,1.82345167946218
"cell_368","T2D","High",0.990792195695879,0.175019714365943,0.262504355722059
"cell_369","ND","Low",0.570590293097864,0.479040811287026,-0.760854355104627
"cell_370","ND","Low",0.541319858529923,-0.986189933264609,-1.59288126290497
"cell_371","ND","High",0.70022264686205,-0.228164151272672,1.87504604778989
"cell_372","ND","High",0.649490398328055,-0.415388563990795,-1.11078886063863
"cell_373","T2D","High",0.674685032655372,-0.30389613135823,0.733002299520065
"cell_374","ND","Low",0.579044737187343,0.206953148024219,-0.779056318950923
"cell_375","T2D","High",0.621566409190885,-1.03261203804074,1.47688271035246
"cell_376","T2D","High",0.926163682018355,2.26765547541142,0.0925049626184365
"cell_377","ND","Low",0.413458963343087,0.5285447473494,-1.50291396891595
"cell_378","ND","Low",0.590427728843703,-0.627516585935267,0.412564934478634
"cell_379","ND","Low",0.573599809039269,-0.701772956379471,1.79469972385996
"cell_380","T2D","High",0.745922502067618,-0.226384008997995,0.396988829694762
"cell_381","ND","High",0.593102523542596,-0.255149985276081,-0.261024507262696
"cell_382","ND","High",0.614871245125394,-1.01434527941481,1.54336176958456
"cell_383","ND","Low",0.453860001968518,-1.29288444114038,-0.235153594978623
"cell_384","ND","High",0.73444850166049,0.676075379437017,-1.99143639487727
"cell_385","ND","High",0.778540541346624,-0.11536305218515,-1.21633211232434
"cell_386","T2D","High",0.667601748858083,-0.335905883822455,2.35507586139601
"cell_387","ND","Low",0.344526158654997,-0.755424700693158,-0.112344001072829
"cell_388","T2D","High",0.902707715781756,1.53159255580727,-0.151342844257084
"cell_389","ND","Low",0.317337552391746,0.125068289921127,-1.238336687143
"cell_390","ND","Low",0.41011523894994,-2.94003813251858,1.34298640558101
"cell_391","T2D","High",0.960586539820724,0.909774133670251,0.240559226871566
"cell_392","ND","Low",0.385304629803779,-0.897569747375021,-1.04757627167888
"cell_393","T2D","Low",0.414374966430335,-2.38692675089403,-0.774456114930255
"cell_394","ND","High",0.63287816676443,-0.245028307648523,1.13957019640605
"cell_395","T2D","Low",0.479491955241149,0.298384953369029,-0.420891369344179
"cell_396","ND","Low",0.22907994850923,-1.702480668114,-0.644422082971097
"cell_397","T2D","Low",0.196413464116421,-2.4864796069173,0.777928920416583
"cell_398","T2D","High",0.966247564446012,2.05666247433305,-0.0139827466890267
"cell_399","ND","Low",0.550219417769469,-0.703267593333437,0.470941937054548
"cell_400","ND","High",0.592458693188266,-0.982261343357391,1.04252136204914
"cell_401","ND","High",0.668958444644647,-1.33385254335796,0.209791125585554
"cell_402","ND","Low",0.491605695135688,0.627072403613441,-1.24586795207179
"cell_403","T2D","Low",0.578884818859994,0.57214703578435,1.57360733074668
"cell_404","ND","High",0.612755130466175,-0.176825595531482,2.82384783117583
"cell_405","T2D","High",1,-0.243803363982678,0.946112344573123
"cell_406","ND","Low",0.199955812441069,1.27636451230395,-1.1513592462674
"cell_407","T2D","High",0.678602152976193,1.2752660168858,-0.719513959420283
"cell_408","ND","Low",0.441550986868685,-0.827296229308118,-1.29783878908135
"cell_409","ND","Low",0.242063331335279,-1.25389939668758,0.199977049260227
"cell_410","ND","High",0.63882116975494,1.56358691671644,-0.231445406172703
"cell_411","ND","Low",0.380163619420576,-1.51964054126513,0.017794518039541
"cell_412","ND","High",0.751381328794327,-0.00241661846570963,2.13831813318249
"cell_413","ND","Low",0.510701602725473,0.454196982408262,1.4602036885587
"cell_414","T2D","High",0.94561850353437,0.523214620434501,1.10440648356378
"cell_415","ND","High",0.812219613642121,1.97122965838489,1.81306241807161
"cell_416","ND","Low",0.553124950719438,-0.444167422201264,-2.84190124801726
"cell_417","ND","High",0.715345251841453,1.69019798959284,-1.12397742173174
"cell_418","T2D","High",0.842139586335849,1.33464266933131,1.6957292544935
"cell_419","ND","Low",0.197665294835526,-1.7980744131377,1.10185803142798
"cell_420","ND","Low",0.504480451982725,-0.728151898409802,0.667230434640273
"cell_421","ND","High",0.643627241208421,-0.545677854810752,0.929777550052909
"cell_422","ND","High",0.597891403568454,0.491198165267001,-0.549694183921714
"cell_423","T2D","High",0.765222330824346,2.74842466251254,-0.900551083358512
"cell_424","T2D","Low",0.55646010226632,0.11232297925356,-0.558188459831967
"cell_425","ND","High",0.629279673741892,-0.0595373244075767,0.825726164639206
"cell_426","ND","Low",0.316708794330422,-1.62238255012908,0.0523008513582382
"cell_427","ND","Low",0.249635311514887,-1.15894947308112,1.2597120353971
"cell_428","ND","High",0.6189855436811,-0.199909497475667,1.35736864105872
"cell_429","T2D","Low",0.553437866962035,0.166487492040294,0.867087109903344
"cell_430","ND","Low",0.548872882981227,-0.771277664780091,2.25260736132767
"cell_431","ND","Low",0.500554437068719,0.805861279610698,-1.04551423443228
"cell_432","ND","Low",0.234358062794887,-1.79334977286471,1.47975410340094
"cell_433","ND","High",0.735939282366555,0.0588304964997663,0.465317162873789
"cell_434","ND","Low",0.381439000170214,0.200964833788802,-0.845967200843803
"cell_435","T2D","High",1,2.73522712829949,2.21159257257609
"cell_436","ND","Low",0.404993264077573,-1.38066933775537,0.105170524678775
"cell_437","ND","Low",0.384988580769837,-0.116924586271886,0.584807683984676
"cell_438","ND","Low",0.4937547950783,-0.828627800582913,-1.50280044053174
"cell_439","ND","Low",0.428388600804309,0.53067995550875,-2.8346341477806
"cell_440","ND","Low",0.428679784470454,-1.93924534856687,-0.16499349639084
"cell_441","T2D","High",0.624467123313255,0.901372158960318,0.626631651050526
"cell_442","T2D","Low",0.557420574964407,-0.563677046743801,-0.551036511356008
"cell_443","ND","High",0.622657323737407,-0.975246034163073,0.214075190142621
"cell_444","T2D","High",0.638759331707504,-0.246459984591667,0.654953270290305
"cell_445","ND","Low",0.224708614018221,-0.642549095379424,-0.649419086121416
"cell_446","ND","Low",0.398430420167291,-0.925899689986787,0.344589612809985
"cell_447","ND","Low",0.339812902652532,-0.0654782146764069,0.996542771078313
"cell_448","T2D","Low",0.361442862865986,-1.14621245517298,0.757298573906395
"cell_449","T2D","High",0.741812570146465,0.827918153824979,1.63964900307765
"cell_450","ND","Low",0.533434824232104,0.41556913732358,1.6831472179248
"cell_451","ND","Low",0.558938471297138,1.96747811278647,0.189900044149946
"cell_452","ND","Low",0.578548253084145,-0.326506209703043,1.18252445059169
"cell_453","T2D","High",0.599831257399837,0.363115587904055,1.42713078725206
"cell_454","T2D","High",0.734854576035313,0.399495795166119,0.401389928744936
"cell_455","ND","Low",0.298330238914231,-0.421154212397259,-1.18891182678104
"cell_456","ND","Low",0.372913703593247,-0.745954913023179,0.591592705087794
"cell_457","ND","Low",0.258031862402532,-2.04036428810131,-0.370745854679582
"cell_458","T2D","Low",0.576707239869462,-0.100129741246562,0.734923977051956
"cell_459","T2D","High",0.925976232515187,-0.504818308915419,0.734364180384901
"cell_460","T2D","High",0.745495685964275,-0.0692499953901749,1.26506717040694
"cell_461","ND","Low",0.448231766324266,-1.66130319659178,-0.160376883542393
"cell_462","ND","High",0.845911635978299,0.00427466093145745,0.337634604670235
"cell_463","T2D","High",0.788321566918526,0.758091223805096,0.459719454486839
"cell_464","ND","Low",0.392587243078216,1.42672999377645,-1.49879642253277
"cell_465","ND","High",0.649457339233148,1.91804640727221,1.02970933861758
"cell_466","T2D","High",0.702548432922053,-2.0887311932227,0.964479261601571
"cell_467","ND","High",0.774581556295901,-1.94733905869568,1.63378132313679
"cell_468","ND","Low",0.424465527870756,-0.999476394123746,0.767186108738983
"cell_469","ND","Low",0.376769477176321,-0.429650473297787,-2.48289897250709
"cell_470","T2D","Low",0.566374989785063,-1.03990093725763,-0.283313275687421
"cell_471","ND","Low",0.565728071718217,-0.149301299834779,0.610240438878255
"cell_472","ND","High",0.793302125488033,3.08570579156774,-1.2601962126948
"cell_473","T2D","High",0.728798090982217,-1.08509164513824,1.45744232203133
"cell_474","T2D","High",0.852293528375486,1.29579732170416,1.34338463450556
"cell_475","ND","Low",0.566665771035146,-1.89485114732676,1.22392467068869
"cell_476","ND","High",0.784438648061909,0.187555863604665,0.077934808824982
"cell_477","ND","High",0.632775320133235,-0.651800949349038,0.319185002569635
"cell_478","T2D","Low",0.585268968860938,-0.147473578149378,-0.949194574875187
"cell_479","ND","Low",0.360619645066652,-1.68953389394166,1.17030035375717
"cell_480","T2D","High",0.650773908613088,1.10975368313638,0.162777600160999
"cell_481","ND","Low",0.528314574426444,-0.494325048186097,-0.478073360314204
"cell_482","ND","Low",0.499210555853869,1.21519161466556,-2.02624138390445
"cell_483","T2D","High",0.873587500218353,0.100433402060563,1.63868603545662
"cell_484","ND","Low",0.368531417060551,0.712552690430302,-0.673440229708079
"cell_485","T2D","High",0.72473066596779,0.984869827351309,0.821500905111201
"cell_486","ND","High",0.648272012085017,-0.14555004095168,-2.59856618236885
"cell_487","T2D","High",0.780078648710306,0.523438297854273,0.702995413468376
"cell_488","ND","Low",0.369142024278581,-1.2469847063762,1.92370362805357
"cell_489","ND","High",0.694232874812254,-0.775432622028513,0.718943545684115
"cell_490","ND","Low",0.502699262313677,-1.29435259104971,-1.44533383731769
"cell_491","T2D","High",0.616693066595691,-0.956523401845298,1.96787652368348
"cell_492","ND","High",0.841937712252327,-0.591079670883139,-0.496039126484622
"cell_493","T2D","Low",0.566379802010669,0.220982710148198,-0.0998428465945203
"cell_494","ND","Low",0.143792747969495,-2.96468592769757,-0.282092038502577
"cell_495","ND","Low",0.0493735102863566,-1.01327202461994,-1.24141629128349
"cell_496","ND","High",0.63022519390934,-0.708914069139629,-0.0985132290159912
"cell_497","T2D","High",0.693433474879447,1.76189585920335,0.341477254985481
"cell_498","ND","Low",0.444888128605543,-1.57176466977037,0.364239511166569
"cell_499","ND","Low",0.557925394525809,0.602993673675019,-0.336548972777283
"cell_500","ND","Low",0.406703187641847,0.56743273028155,1.14678663487053
